nh_sku,fsn,channel_sku,master_status,mrp,pdp_url
AC-KNC-DNT-02,HCBGBCSHRZGD6YTF,AC-KNC-DNT-02,Active,470.0,https://www.flipkart.com/x/p/x?pid=HCBGBCSHRZGD6YTF
AC-KNC-DNWT-03,HCBGBCSH7GFJPGHY,AC-KNC-DNWT-03,Active,705.0,https://www.flipkart.com/x/p/x?pid=HCBGBCSH7GFJPGHY
AC-KNC-DT-00,HCBG9G5TGMTGGHTE,AC-KNC-DT-00,Active,235.0,https://www.flipkart.com/x/p/x?pid=HCBG9G5TGMTGGHTE
AC-KNC-DWT-02,HCBGBCSHYMGZMMG6,AC-KNC-DWT-02,Active,470.0,https://www.flipkart.com/x/p/x?pid=HCBGBCSHYMGZMMG6
AC-KNC-FTP-00,HCBGVFY97SR5HZ9W,AC-KNC-FTP-00,Active,152.0,https://www.flipkart.com/x/p/x?pid=HCBGVFY97SR5HZ9W
AC-KNC-FTSL-00,HCBGV2QVYMZ3RYP6,AC-KNC-FTSL-00,Active,235.0,https://www.flipkart.com/x/p/x?pid=HCBGV2QVYMZ3RYP6
AC-KNC-FTSS-00,HCBGV2QA9JKRZSXV,AC-KNC-FTSS-00,Active,199.0,https://www.flipkart.com/x/p/x?pid=HCBGV2QA9JKRZSXV
AC-KNC-NT-00,HCBG9JFZTB7ZWQKF,AC-KNC-NT-00,Active,235.0,https://www.flipkart.com/x/p/x?pid=HCBG9JFZTB7ZWQKF
AC-KNC-WT-00,HCBG9JFQU7QHVGKY,AC-KNC-WT-00,Active,235.0,https://www.flipkart.com/x/p/x?pid=HCBG9JFQU7QHVGKY
AC-KNC-WT2-002,HCBGVGBU4A26MWPS,AC-KNC-WT2-002,Active,470.0,https://www.flipkart.com/x/p/x?pid=HCBGVGBU4A26MWPS
AC-KNC-WTB-00,HCBGVFY9MU9WDQKZ,AC-KNC-WTB-00,Active,199.0,https://www.flipkart.com/x/p/x?pid=HCBGVFY9MU9WDQKZ
AC-KNC-WTSL-00,HCBGVFYAAKUGW4ES,AC-KNC-WTSL-00,Active,235.0,https://www.flipkart.com/x/p/x?pid=HCBGVFYAAKUGW4ES
AC-KNC-WTSS-00,HCBGVFY9HCHYZTSR,AC-KNC-WTSS-00,Active,199.0,https://www.flipkart.com/x/p/x?pid=HCBGVFY9HCHYZTSR
AC-PFR-PS-00,PMSGGCZYXFXK9RUH,AC-PFR-PS-00,Active,195.0,https://www.flipkart.com/x/p/x?pid=PMSGGCZYXFXK9RUH
AC-PFR-PS2-00,PMSGKA63FD9NQ9MS,AC-PFR-PS2-00,Active,389.0,https://www.flipkart.com/x/p/x?pid=PMSGKA63FD9NQ9MS
AC-SDL-LO-00,LFHGGBVFZ4SFZKDP,AC-SDL-LO-00,Active,139.0,https://www.flipkart.com/x/p/x?pid=LFHGGBVFZ4SFZKDP
AC-SDL-LO2-00,LFHGGBV9NUHPQTGZ,AC-SDL-LO2-00,Active,278.0,https://www.flipkart.com/x/p/x?pid=LFHGGBV9NUHPQTGZ
AC-SDL-LO3-00,LFHGKA6SH5X3Y9BN,AC-SDL-LO3-00,Active,418.0,https://www.flipkart.com/x/p/x?pid=LFHGKA6SH5X3Y9BN
AC-SDL-LO4-00,LFHGKB65HJNZEDW3,AC-SDL-LO4-00,Active,557.0,https://www.flipkart.com/x/p/x?pid=LFHGKB65HJNZEDW3
BA-BM-AD-120,KMTH9J28QZ3M8HDT,BA-BM-AD-120-D,Active,498.0,https://www.flipkart.com/x/p/x?pid=KMTH9J28QZ3M8HDT
BA-BML-AD-200,KMTH9J28324EGGNB,BA-BML-AD-200-D,Inactive,503.0,https://www.flipkart.com/x/p/x?pid=KMTH9J28324EGGNB
BA-BML-TC-200,KMTH9J28WPTGAH87,BA-BML-TC-200-D,Active,479.0,https://www.flipkart.com/x/p/x?pid=KMTH9J28WPTGAH87
BA-BM-TC-120,KMTH9J28N8AJGGHN,BA-BM-TC-120-D,Active,474.0,https://www.flipkart.com/x/p/x?pid=KMTH9J28N8AJGGHN
BA-BM-TC2-120,BBCHHGNWJD9Y8BZF,BA-BM-TC2-120,Active,948.0,https://www.flipkart.com/x/p/x?pid=BBCHHGNWJD9Y8BZF
BA-BP-RH-150,PPFGZCR2BUGCGNYM,BA-BP-RH-150,Inactive,270.0,https://www.flipkart.com/x/p/x?pid=PPFGZCR2BUGCGNYM
BA-BP-RH2-150,BBCGZH25BKDHYEJN,BA-BP-RH2-150,Inactive,540.0,https://www.flipkart.com/x/p/x?pid=BBCGZH25BKDHYEJN
BA-BP-RHSC-150,BBCGZH25QYGZZRBR,BA-BP-RHSC-150,Inactive,540.0,https://www.flipkart.com/x/p/x?pid=BBCGZH25QYGZZRBR
BA-BP-SC-150,PPFGZCR2ZXJFPPDY,BA-BP-SC-150,Active,270.0,https://www.flipkart.com/x/p/x?pid=PPFGZCR2ZXJFPPDY
BA-BP-SC2-150,BBCGZH25CK6YDSZW,BA-BP-SC2-150,Active,540.0,https://www.flipkart.com/x/p/x?pid=BBCGZH25CK6YDSZW
BA-BU-CMA-080,FCPHF5HFFPS82DGD,BA-BU-CMA-080-D,Inactive,310.0,https://www.flipkart.com/x/p/x?pid=FCPHF5HFFPS82DGD
BA-BU-CMA-080,BWSGKY4GS9MHPKQF,BA-BU-CMA-080,Inactive,310.0,https://www.flipkart.com/x/p/x?pid=BWSGKY4GS9MHPKQF
BA-BU-CMA2-080,FCPHF5HFAPXHNTKT,BA-BU-CMA2-080-D,Active,620.0,https://www.flipkart.com/x/p/x?pid=FCPHF5HFAPXHNTKT
BA-BU-CMA2-080,BWSGKY4GEWQKGA4A,BA-BU-CMA2-080,Active,620.0,https://www.flipkart.com/x/p/x?pid=BWSGKY4GEWQKGA4A
BA-BU-GG-080,FCPHF4TEHZYHVP8V,BA-BU-GG-080-D,Active,284.0,https://www.flipkart.com/x/p/x?pid=FCPHF4TEHZYHVP8V
BA-BU-GG-080,BWSGKY5QM9PXZVRW,BA-BU-GG-080,Inactive,284.0,https://www.flipkart.com/x/p/x?pid=BWSGKY5QM9PXZVRW
BA-BU-GG2-080,FCPHF4UVTYBTGFUE,BA-BU-GG2-080-D,Active,568.0,https://www.flipkart.com/x/p/x?pid=FCPHF4UVTYBTGFUE
BA-BU-GG2-080,BWSGKY5QUP3J3XZN,BA-BU-GG2-080,Active,568.0,https://www.flipkart.com/x/p/x?pid=BWSGKY5QUP3J3XZN
BA-BU-MN-080,FCPHF5HFMX3PBTDF,BA-BU-MN-080-D,Active,337.0,https://www.flipkart.com/x/p/x?pid=FCPHF5HFMX3PBTDF
BA-BU-MN-080,BWSGKF93UEK4XZ3G,BA-BU-MN-080,Inactive,337.0,https://www.flipkart.com/x/p/x?pid=BWSGKF93UEK4XZ3G
BA-BU-MN2-080,BWSGKF93JCYXDT8N,BA-BU-MN2-080,Active,674.0,https://www.flipkart.com/x/p/x?pid=BWSGKF93JCYXDT8N
BA-BU-MN2-080,FCPHF5HFGTHTFZQX,BA-BU-MN2-080-D,Active,674.0,https://www.flipkart.com/x/p/x?pid=FCPHF5HFGTHTFZQX
BA-DRC-PC-075,MSCHB4QZZYPVRYXC,BA-DRC-PC-075,Active,407.0,https://www.flipkart.com/x/p/x?pid=MSCHB4QZZYPVRYXC
BA-FM-MNO-075,MSCHB4Q9PPUF39MS,BA-FM-MNO-075,Active,376.0,https://www.flipkart.com/x/p/x?pid=MSCHB4Q9PPUF39MS
BA-PBO-AL-100,MSOGZRA7DFR8MWWJ,BA-PBO-AL-100,Active,660.0,https://www.flipkart.com/x/p/x?pid=MSOGZRA7DFR8MWWJ
BA-PBO-AL-200,MSOGZRA7JZNF4CWZ,BA-PBO-AL-200,Active,1248.0,https://www.flipkart.com/x/p/x?pid=MSOGZRA7JZNF4CWZ
BA-PBO-ALBM-02,BBCGZWKF2UJMY9QS,BA-PBO-ALBM-02,Active,1095.0,https://www.flipkart.com/x/p/x?pid=BBCGZWKF2UJMY9QS
BA-PBO-ALSC-02,BBCGZWDGJZCHFFYX,BA-PBO-ALSC-02,Active,930.0,https://www.flipkart.com/x/p/x?pid=BBCGZWDGJZCHFFYX
BA-PBO-OL-100,MSOGZRA7TKGMHXZX,BA-PBO-OL-100,Active,306.0,https://www.flipkart.com/x/p/x?pid=MSOGZRA7TKGMHXZX
BA-PBO-OL-200,MSOGZRA7YXGGY6MH,BA-PBO-OL-200,Active,553.0,https://www.flipkart.com/x/p/x?pid=MSOGZRA7YXGGY6MH
BA-PBO-OLBM-02,BBCGZWKF9AXGWZXB,BA-PBO-OLBM-02,Active,741.0,https://www.flipkart.com/x/p/x?pid=BBCGZWKF9AXGWZXB
BA-PBO-VCO-100,MSOGZRA7PQKUYHEY,BA-PBO-VCO-100,Active,317.0,https://www.flipkart.com/x/p/x?pid=MSOGZRA7PQKUYHEY
BA-PBO-VCO-200,MSOGZRA7FGHQYZ5T,BA-PBO-VCO-200,Active,605.0,https://www.flipkart.com/x/p/x?pid=MSOGZRA7FGHQYZ5T
BA-SHO-BM-110,BBCGGBWPXNH9M2NN,BA-SHO-BM-110,Active,435.0,https://www.flipkart.com/x/p/x?pid=BBCGGBWPXNH9M2NN
BA-SHO-BMSC-02,BBCGZWKFKPSCYDCB,BA-SHO-BMSC-02,Active,705.0,https://www.flipkart.com/x/p/x?pid=BBCGZWKFKPSCYDCB
BA-SMA-BN-100,BBCGGBWPMDTQXTFB,BA-SMA-BN-100,Active,435.0,https://www.flipkart.com/x/p/x?pid=BBCGGBWPMDTQXTFB
BA-SMA-BN-200,MSOGZH5GJPMEGHGR,BA-SMA-BN-200,Active,784.0,https://www.flipkart.com/x/p/x?pid=MSOGZH5GJPMEGHGR
BA-TRO-HS-040,BBCH84X449WZYXPX,BA-TRO-HS-040,Active,254.0,https://www.flipkart.com/x/p/x?pid=BBCH84X449WZYXPX
BA-WHO-BM-110,HOLGZH2PF7JZFKUV,BA-WHO-BM-110,Active,435.0,https://www.flipkart.com/x/p/x?pid=HOLGZH2PF7JZFKUV
BC-BL-AS2-250,MSCHYZ6DF895CAMV,BC-BL-AS2-250,Active,804.0,https://www.flipkart.com/x/p/x?pid=MSCHYZ6DF895CAMV
BC-BL-AS-250,MSCGVBVCYV7BGZ5B,BC-BL-AS-250,Active,402.0,https://www.flipkart.com/x/p/x?pid=MSCGVBVCYV7BGZ5B
BC-BL-CID2-250,MSCHYZ6DGTPTZEFC,BC-BL-CID2-250,Active,942.0,https://www.flipkart.com/x/p/x?pid=MSCHYZ6DGTPTZEFC
BC-BL-CID-250,MSCGVBVCHVQ24W3G,BC-BL-CID-250,Active,471.0,https://www.flipkart.com/x/p/x?pid=MSCGVBVCHVQ24W3G
BC-BL-MNS2-250,MSCHYZ6GFZSDBX9X,BC-BL-MNS2-250,Active,886.0,https://www.flipkart.com/x/p/x?pid=MSCHYZ6GFZSDBX9X
BC-BL-MNS-250,MSCGVBVCWVJ68PED,BC-BL-MNS-250,Active,443.0,https://www.flipkart.com/x/p/x?pid=MSCGVBVCWVJ68PED
BC-BL-PM-250,MSCHNYFBP8B6M9RH,BC-BL-PM-250,Active,353.0,https://www.flipkart.com/x/p/x?pid=MSCHNYFBP8B6M9RH
BC-BL-RFR2-250,MSCHYZ6D4DH2GYB7,BC-BL-RFR2-250,Active,886.0,https://www.flipkart.com/x/p/x?pid=MSCHYZ6D4DH2GYB7
BC-BL-RFR-250,MSCGVBVCAHHHJNSF,BC-BL-RFR-250,Active,443.0,https://www.flipkart.com/x/p/x?pid=MSCGVBVCAHHHJNSF
BC-BU-MN-080,BWSGGFGNSEEBJDSJ,BC-BU-MN-080,Inactive,241.0,https://www.flipkart.com/x/p/x?pid=BWSGGFGNSEEBJDSJ
BC-BU-MN2-080,BWSGKJYUWGYQZ2ZG,BC-BU-MN2-080,Inactive,482.0,https://www.flipkart.com/x/p/x?pid=BWSGKJYUWGYQZ2ZG
BC-BU-MN3-080,BWSGGFGNQYTVDNZR,BC-BU-MN3-080,Active,723.0,https://www.flipkart.com/x/p/x?pid=BWSGGFGNQYTVDNZR
BC-BU-MR-080,BWSGGFGNTWFXJRTC,BC-BU-MR-080,Inactive,241.0,https://www.flipkart.com/x/p/x?pid=BWSGGFGNTWFXJRTC
BC-BU-MR2-080,BWSGKJF8TC9HVANV,BC-BU-MR2-080,Active,482.0,https://www.flipkart.com/x/p/x?pid=BWSGKJF8TC9HVANV
BC-BU-MR3-080,BWSGGFGND6JFUTK6,BC-BU-MR3-080,Inactive,723.0,https://www.flipkart.com/x/p/x?pid=BWSGGFGND6JFUTK6
BC-BU-NC-080,BWSGGFGNG4JTPVJH,BC-BU-NC-080,Active,241.0,https://www.flipkart.com/x/p/x?pid=BWSGGFGNG4JTPVJH
BC-BU-NC2-080,BWSGKJFJWAGRQZRP,BC-BU-NC2-080,Active,482.0,https://www.flipkart.com/x/p/x?pid=BWSGKJFJWAGRQZRP
BC-BU-NC3-080,BWSGGFGNNRKWNZ7U,BC-BU-NC3-080,Inactive,723.0,https://www.flipkart.com/x/p/x?pid=BWSGGFGNNRKWNZ7U
BC-BU-TB-080,BWSGGFGNCNGC433P,BC-BU-TB-080,Active,241.0,https://www.flipkart.com/x/p/x?pid=BWSGGFGNCNGC433P
BC-BU-TB2-080,BWSGKJFV9VHRHHH5,BC-BU-TB2-080,Active,482.0,https://www.flipkart.com/x/p/x?pid=BWSGKJFV9VHRHHH5
BC-BU-TB3-080,BWSGGFGNNXJ4FJBD,BC-BU-TB3-080,Active,723.0,https://www.flipkart.com/x/p/x?pid=BWSGGFGNNXJ4FJBD
BC-CB-AA-05,BBCHGFGREFHJKJWH,BC-CB-AA-05,Active,1744.0,https://www.flipkart.com/x/p/x?pid=BBCHGFGREFHJKJWH
BC-CP-AL-050,MSOGEYF2A8WH66MZ,BC-CP-AL-050,Active,447.0,https://www.flipkart.com/x/p/x?pid=MSOGEYF2A8WH66MZ
BC-CP-AL-100,MSOGEYF2AYAZCPMC,BC-CP-AL-100,Active,825.0,https://www.flipkart.com/x/p/x?pid=MSOGEYF2AYAZCPMC
BC-CP-AR-030,MSOGN493NXJWFYMG,BC-CP-AR-030,Active,612.0,https://www.flipkart.com/x/p/x?pid=MSOGN493NXJWFYMG
BC-CP-CA-190,HOLHA89BHCXGYY8W,BC-CP-CA-190,Active,366.0,https://www.flipkart.com/x/p/x?pid=HOLHA89BHCXGYY8W
BC-CP-CA-200,MSOGEYF24JPHJR4S,BC-CP-CA-200,Active,376.0,https://www.flipkart.com/x/p/x?pid=MSOGEYF24JPHJR4S
BC-CP-CA-200,BSTHYQ35VC4GFQAR,CB-CP-CA-200,Active,376.0,https://www.flipkart.com/x/p/x?pid=BSTHYQ35VC4GFQAR
BC-CP-CO-200,MSOGEYF2PQJ35GGD,BC-CP-CO-200,Active,424.0,https://www.flipkart.com/x/p/x?pid=MSOGEYF2PQJ35GGD
BC-CP-GR-030,MSOGN493CUSWFRRC,BC-CP-GR-030,Inactive,459.0,https://www.flipkart.com/x/p/x?pid=MSOGN493CUSWFRRC
BC-CP-JO-030,MSOGN493KZPHM7DQ,BC-CP-JO-030,Active,329.0,https://www.flipkart.com/x/p/x?pid=MSOGN493KZPHM7DQ
BC-CP-JO-050,HOLHYWSM9FXWRUDS,BC-CP-JO-050,Active,531.0,https://www.flipkart.com/x/p/x?pid=HOLHYWSM9FXWRUDS
BC-CP-NE-200,MSOGEYF2DNJJMGSD,BC-CP-NE-200,Active,412.0,https://www.flipkart.com/x/p/x?pid=MSOGEYF2DNJJMGSD
BC-CP-RH-030,BEOHBZWTZZ6JXYJC,BC-CP-RH-030,Active,571.0,https://www.flipkart.com/x/p/x?pid=BEOHBZWTZZ6JXYJC
BC-CPS-DC-125,SOPGAC55XHZGYFFV,BC-CPS-DC-125,Active,217.0,https://www.flipkart.com/x/p/x?pid=SOPGAC55XHZGYFFV
BC-CPS-DC2-125,SOPGAC58B9AFF9A3,BC-CPS-DC2-125,Active,434.0,https://www.flipkart.com/x/p/x?pid=SOPGAC58B9AFF9A3
BC-CP-SE-200,MSOGN493GXHDX3H4,BC-CP-SE-200,Active,317.0,https://www.flipkart.com/x/p/x?pid=MSOGN493GXHDX3H4
BC-CPS-EO-125,SOPGAC54KJM2ZFYG,BC-CPS-EO-125,Active,217.0,https://www.flipkart.com/x/p/x?pid=SOPGAC54KJM2ZFYG
BC-CPS-EO2-125,SOPGAC55AKSYBFKV,BC-CPS-EO2-125,Active,434.0,https://www.flipkart.com/x/p/x?pid=SOPGAC55AKSYBFKV
BC-CPS-EO4-125,SOPHYRFNXNUCHFJW,BC-CPS-EO4-125,Inactive,868.0,https://www.flipkart.com/x/p/x?pid=SOPHYRFNXNUCHFJW
BC-CPS-EO5-125,SOPHYRGFVHFJDG3K,BC-CPS-EO5-125,Active,1085.0,https://www.flipkart.com/x/p/x?pid=SOPHYRGFVHFJDG3K
BC-CPS-MR-125,SOPHYGB2EXHZJFUD,CB-CPS-MR-125,Active,217.0,https://www.flipkart.com/x/p/x?pid=SOPHYGB2EXHZJFUD
BC-CPS-MR-125,SOPGAC53QHF8GQHW,BC-CPS-MR-125,Inactive,217.0,https://www.flipkart.com/x/p/x?pid=SOPGAC53QHF8GQHW
BC-CPS-MR2-125,SOPGAC52THHRKMN8,BC-CPS-MR2-125,Active,434.0,https://www.flipkart.com/x/p/x?pid=SOPGAC52THHRKMN8
BC-CPS-NB-125,SOPGAC4ZFQCZ9MQG,BC-CPS-NB-125,Active,217.0,https://www.flipkart.com/x/p/x?pid=SOPGAC4ZFQCZ9MQG
BC-CPS-NB2-125,SOPGAC54FRZGZDHM,BC-CPS-NB2-125,Active,434.0,https://www.flipkart.com/x/p/x?pid=SOPGAC54FRZGZDHM
BC-CPS-NB4-125,SOPHFR73N8XDNYVU,BC-CPS-NB4-125,Active,868.0,https://www.flipkart.com/x/p/x?pid=SOPHFR73N8XDNYVU
BC-CPS-NB5-125,SOPHFR6MYXP7KTQK,BC-CPS-NB5-125,Active,1085.0,https://www.flipkart.com/x/p/x?pid=SOPHFR6MYXP7KTQK
BC-CPS-NLHL-125,SOPHEG4UVBYVZJSZ,BC-CPS-NLHL-125,Active,163.0,https://www.flipkart.com/x/p/x?pid=SOPHEG4UVBYVZJSZ
BC-CPS-NLHL2-125,SOPHEGP7PYDXN9HV,BC-CPS-NLHL2-125,Active,326.0,https://www.flipkart.com/x/p/x?pid=SOPHEGP7PYDXN9HV
BC-CPS-NLHL4-125,SOPHEG56FGVGGYBU,BC-CPS-NLHL4-125,Inactive,652.0,https://www.flipkart.com/x/p/x?pid=SOPHEG56FGVGGYBU
BC-CPS-NLHL6-125,SOPHEG5GKJWSRZ7N,BC-CPS-NLHL6-125,Active,978.0,https://www.flipkart.com/x/p/x?pid=SOPHEG5GKJWSRZ7N
BC-CPS-NLTB-125,SOPHEHPNE967FVWQ,BC-CPS-NLTB-125,Active,163.0,https://www.flipkart.com/x/p/x?pid=SOPHEHPNE967FVWQ
BC-CPS-NLTB2-125,SOPHEGZDGUBHENGH,BC-CPS-NLTB2-125,Active,326.0,https://www.flipkart.com/x/p/x?pid=SOPHEGZDGUBHENGH
BC-CPS-NLTB4-125,SOPHEHRFGCT9FZDV,BC-CPS-NLTB4-125,Active,652.0,https://www.flipkart.com/x/p/x?pid=SOPHEHRFGCT9FZDV
BC-CPS-NLTB6-125,SOPHEHRDNXKDAJA5,BC-CPS-NLTB6-125,Active,978.0,https://www.flipkart.com/x/p/x?pid=SOPHEHRDNXKDAJA5
BC-CPS-SS-125,SOPGAC52PVA7YGRF,BC-CPS-SS-125,Active,217.0,https://www.flipkart.com/x/p/x?pid=SOPGAC52PVA7YGRF
BC-CPS-SS2-125,SOPGAC5F6YUZQGTV,BC-CPS-SS2-125,Active,434.0,https://www.flipkart.com/x/p/x?pid=SOPGAC5F6YUZQGTV
BC-CPS-SS3-125,SOPH9EGFAX5BVFXN,BC-CPS-SS3-125,Active,651.0,https://www.flipkart.com/x/p/x?pid=SOPH9EGFAX5BVFXN
BC-CPS-SS4-125,SOPGWF46VKFKFKNX,BC-CPS-SS4-125,Active,868.0,https://www.flipkart.com/x/p/x?pid=SOPGWF46VKFKFKNX
BC-CPS-SS5-125,SOPHYRF4QXJCBACC,BC-CPS-SS5-125,Active,1085.0,https://www.flipkart.com/x/p/x?pid=SOPHYRF4QXJCBACC
BC-CPS-TO-125,SOPGAC4VVHRGHFH4,BC-CPS-TO-125,Active,217.0,https://www.flipkart.com/x/p/x?pid=SOPGAC4VVHRGHFH4
BC-CPS-TO2-125,SOPGAC54K4ST8MT8,BC-CPS-TO2-125,Active,434.0,https://www.flipkart.com/x/p/x?pid=SOPGAC54K4ST8MT8
BC-CPS-TO4-125,SOPHFR6YXDAHVXQH,BC-CPS-TO4-125,Active,868.0,https://www.flipkart.com/x/p/x?pid=SOPHFR6YXDAHVXQH
BC-CPS-TO5-125,SOPHFR6VVFQZQG2Q,BC-CPS-TO5-125,Active,1085.0,https://www.flipkart.com/x/p/x?pid=SOPHFR6VVFQZQG2Q
BC-CPS-WA-125,SOPGAC4XVC9PHZH6,BC-CPS-WA-125,Active,217.0,https://www.flipkart.com/x/p/x?pid=SOPGAC4XVC9PHZH6
BC-CPS-WA2-125,SOPGAC56VUMCFKKF,BC-CPS-WA2-125,Active,434.0,https://www.flipkart.com/x/p/x?pid=SOPGAC56VUMCFKKF
BC-CPS-WA3-125,SOPH46FUY7ASNREM,BC-CPS-WA3-125,Active,651.0,https://www.flipkart.com/x/p/x?pid=SOPH46FUY7ASNREM
BC-CPS-WA4-125,SOPH439MESYYQRXH,BC-CPS-WA4-125,Active,868.0,https://www.flipkart.com/x/p/x?pid=SOPH439MESYYQRXH
BC-CPS-WA5-125,SOPH4382G6PSARHZ,BC-CPS-WA5-125,Active,1085.0,https://www.flipkart.com/x/p/x?pid=SOPH4382G6PSARHZ
BC-CP-VC-100,MSOGEYF24CHBPG2A,BC-CP-VC-100,Active,341.0,https://www.flipkart.com/x/p/x?pid=MSOGEYF24CHBPG2A
BC-CP-VC-200,MSOGEYF292YVMHB3,BC-CP-VC-200,Active,589.0,https://www.flipkart.com/x/p/x?pid=MSOGEYF292YVMHB3
BC-CP-WA-030,MSOGN493HDHGBSRE,BC-CP-WA-030,Active,424.0,https://www.flipkart.com/x/p/x?pid=MSOGN493HDHGBSRE
BC-EO-CI-015,BEOGGCWY25NCYXGH,BC-EO-CI-015,Inactive,418.0,https://www.flipkart.com/x/p/x?pid=BEOGGCWY25NCYXGH
BC-EO-EU-015,BEOGP6GFDFZQWMQH,BC-EO-EU-015,Active,335.0,https://www.flipkart.com/x/p/x?pid=BEOGP6GFDFZQWMQH
BC-EO-LE-015,BEOGGCX3GFFXM8VB,BC-EO-LE-015,Inactive,335.0,https://www.flipkart.com/x/p/x?pid=BEOGGCX3GFFXM8VB
BC-EO-LV-015,BEOGP6GGZNDB9ZZU,BC-EO-LV-015,Active,465.0,https://www.flipkart.com/x/p/x?pid=BEOGP6GGZNDB9ZZU
BC-EO-PE-015,BEOGP6GFAMYFDUMW,BC-EO-PE-015,Active,335.0,https://www.flipkart.com/x/p/x?pid=BEOGP6GFAMYFDUMW
BC-EO-RM-015,BEOGGCXYZUEVA6S6,BC-EO-RM-015,Inactive,418.0,https://www.flipkart.com/x/p/x?pid=BEOGGCXYZUEVA6S6
BC-EO-RM-030,BEOHYXYXSEWBK8EZ,BC-EO-RM-030,Active,814.0,https://www.flipkart.com/x/p/x?pid=BEOHYXYXSEWBK8EZ
BC-EO-SO-015,BEOGGCX2VHHNRHRE,BC-EO-SO-015,Inactive,347.0,https://www.flipkart.com/x/p/x?pid=BEOGGCX2VHHNRHRE
BC-EO-TT-015,BEOGP6GFHEXFABXN,BC-EO-TT-015,Active,477.0,https://www.flipkart.com/x/p/x?pid=BEOGP6GFHEXFABXN
BC-EO-TU-015,BEOGGCWZFGD6XE5J,BC-EO-TU-015,Active,465.0,https://www.flipkart.com/x/p/x?pid=BEOGGCWZFGD6XE5J
BC-HM-4BM-030,MSCGHFFE2VVRWB8G,BC-HM-4BM-025,Inactive,270.0,https://www.flipkart.com/x/p/x?pid=MSCGHFFE2VVRWB8G
BC-HM-4BM2-030,MSCGHFFEZWUN6HF3,BC-HM-4BM2-025,Active,540.0,https://www.flipkart.com/x/p/x?pid=MSCGHFFEZWUN6HF3
BC-HM-BVE-030,MSCGHFF29AEDFAGG,BC-HM-BVE-025,Inactive,235.0,https://www.flipkart.com/x/p/x?pid=MSCGHFF29AEDFAGG
BC-HM-BVE2-030,MSCGHFF27GDNED6G,BC-HM-BVE2-025,Inactive,470.0,https://www.flipkart.com/x/p/x?pid=MSCGHFF27GDNED6G
BC-HM-CBB2-030,MSCGHFY9ZHZXDVNZ,BC-HM-CBB2-025,Inactive,516.0,https://www.flipkart.com/x/p/x?pid=MSCGHFY9ZHZXDVNZ
BC-HM-LMG-030,MSCGKWEDFH67UHGR,BC-HM-LMG-025,Active,235.0,https://www.flipkart.com/x/p/x?pid=MSCGKWEDFH67UHGR
BC-HM-LMG2-030,MSCGKWEDP9GNHMNP,BC-HM-LMG2-025,Active,470.0,https://www.flipkart.com/x/p/x?pid=MSCGKWEDP9GNHMNP
BC-HM-MCY-030,MSCGHEZBCGGFKZBD,BC-HM-MCY-025,Inactive,247.0,https://www.flipkart.com/x/p/x?pid=MSCGHEZBCGGFKZBD
BC-HM-MCY2-030,MSCGHEZBFZD65GH7,BC-HM-MCY2-025,Active,494.0,https://www.flipkart.com/x/p/x?pid=MSCGHEZBFZD65GH7
BC-HM-PWR-030,MSCGKWDUWUXZHN2Y,BC-HM-PWR-025,Active,247.0,https://www.flipkart.com/x/p/x?pid=MSCGKWDUWUXZHN2Y
BC-HM-PWR2-030,MSCGKWDUUND9EPFW,BC-HM-PWR2-025,Active,494.0,https://www.flipkart.com/x/p/x?pid=MSCGKWDUUND9EPFW
BC-HM-TRL-030,MSCGHF3ZMPG6QTBJ,BC-HM-TRL-025,Active,258.0,https://www.flipkart.com/x/p/x?pid=MSCGHF3ZMPG6QTBJ
BC-HM-TRL2-030,MSCGHF3ZGMC2ESP3,BC-HM-TRL2-025,Active,516.0,https://www.flipkart.com/x/p/x?pid=MSCGHF3ZGMC2ESP3
BC-MA-GM-100,MSOGGUHMCQCQWBZX,BC-MA-GM-100,Active,411.0,https://www.flipkart.com/x/p/x?pid=MSOGGUHMCQCQWBZX
BC-MA-GM-200,MSOGGUHMBMWGECD3,BC-MA-GM-200,Active,736.0,https://www.flipkart.com/x/p/x?pid=MSOGGUHMBMWGECD3
BC-MA-MC-100,MSOGGUHMHTYCNZCX,BC-MA-MC-100,Active,446.0,https://www.flipkart.com/x/p/x?pid=MSOGGUHMHTYCNZCX
BC-MA-TA-100,MSOGGUHMHJM8RMKU,BC-MA-TA-100,Active,353.0,https://www.flipkart.com/x/p/x?pid=MSOGGUHMHJM8RMKU
BC-MA-TA-200,MSOGGUHMKHPYQPDA,BC-MA-TA-200,Active,628.0,https://www.flipkart.com/x/p/x?pid=MSOGGUHMKHPYQPDA
BC-MA-TM-100,MSOGGUHMDG5YGBFN,BC-MA-TM-100,Active,353.0,https://www.flipkart.com/x/p/x?pid=MSOGGUHMDG5YGBFN
BC-MA-TM-200,MSOGGUHMHZCF6RCX,BC-MA-TM-200,Active,628.0,https://www.flipkart.com/x/p/x?pid=MSOGGUHMHZCF6RCX
BC-PO-AL-100,HOLGZJ4QCDQZAF7X,BC-PO-AL-100,Active,589.0,https://www.flipkart.com/x/p/x?pid=HOLGZJ4QCDQZAF7X
BC-PO-AL-50,HOLGZJ4QPTZDQQZF,BC-PO-AL-50,Active,330.0,https://www.flipkart.com/x/p/x?pid=HOLGZJ4QPTZDQQZF
BC-PO-CO-200,HOLGZJ4QZKRTESAT,BC-PO-CO-200,Active,235.0,https://www.flipkart.com/x/p/x?pid=HOLGZJ4QZKRTESAT
BC-PO-CO2-200,HOLHE2KDEXJHZJXW,BC-PO-CO2-200,Active,470.0,https://www.flipkart.com/x/p/x?pid=HOLHE2KDEXJHZJXW
BC-PO-CO3-200,HOLHE38Z7USWYNHR,BC-PO-CO3-200,Active,705.0,https://www.flipkart.com/x/p/x?pid=HOLHE38Z7USWYNHR
BC-PO-OL-200,HOLGZJ4QZMHR2HW2,BC-PO-OL-200,Active,412.0,https://www.flipkart.com/x/p/x?pid=HOLGZJ4QZMHR2HW2
BC-SM-CID-120,MSCGKXCGHUVEZE5Z,BC-SM-CID-120,Active,431.0,https://www.flipkart.com/x/p/x?pid=MSCGKXCGHUVEZE5Z
BC-SM-CID-200,MSCGNQH7AHRBMAWA,BC-SM-CID-200,Active,679.0,https://www.flipkart.com/x/p/x?pid=MSCGNQH7AHRBMAWA
BC-SM-CID2-120,MSCGKXCGWYUDKG9T,BC-SM-CID2-120,Inactive,862.0,https://www.flipkart.com/x/p/x?pid=MSCGKXCGWYUDKG9T
BC-SM-MNS-120,MSCGKX6E7GS6EC8Z,BC-SM-MNS-100,Active,407.0,https://www.flipkart.com/x/p/x?pid=MSCGKX6E7GS6EC8Z
BC-SM-MNS-200,MSCGNQGKCFMZYAZY,BC-SM-MNS-200,Active,643.0,https://www.flipkart.com/x/p/x?pid=MSCGNQGKCFMZYAZY
BC-SM-MNS2-120,MSCGKX6EC4YGTUCG,BC-SM-MNS2-100,Active,814.0,https://www.flipkart.com/x/p/x?pid=MSCGKX6EC4YGTUCG
BC-SM-RFR-120,MSCGKWFFRRWEJXWZ,BC-SM-RFR-120,Active,407.0,https://www.flipkart.com/x/p/x?pid=MSCGKWFFRRWEJXWZ
BC-SM-RFR-200,MSCGNQGKZHCEHX9F,BC-SM-RFR-200,Active,643.0,https://www.flipkart.com/x/p/x?pid=MSCGNQGKZHCEHX9F
BC-SM-RFR2-120,MSCGKWFFT9ZMQG8Z,BC-SM-RFR2-120,Active,814.0,https://www.flipkart.com/x/p/x?pid=MSCGKWFFT9ZMQG8Z
BC-SM-SCS-120,MSCGHVPYSFN378GZ,BC-SM-SCS-100,Inactive,469.0,https://www.flipkart.com/x/p/x?pid=MSCGHVPYSFN378GZ
BC-SM-SCS-200,MSCGNQGKCSPFHZJF,BC-SM-SCS-200,Inactive,742.0,https://www.flipkart.com/x/p/x?pid=MSCGNQGKCSPFHZJF
BC-SM-SCS2-120,MSCGHVPYSZDXZTBD,BC-SM-SCS2-100,Inactive,938.0,https://www.flipkart.com/x/p/x?pid=MSCGHVPYSZDXZTBD
BC-UU-AC-040,BWSGGVU7XVYFUTG8,BC-UU-AC-040,Inactive,153.0,https://www.flipkart.com/x/p/x?pid=BWSGGVU7XVYFUTG8
BC-UU-AC2-040,BWSGKGYDGGXV565Y,BC-UU-AC2-040,Inactive,307.0,https://www.flipkart.com/x/p/x?pid=BWSGKGYDGGXV565Y
BC-UU-AC3-040,BWSGGVU7ZDANYWJN,BC-UU-AC3-040,Inactive,460.0,https://www.flipkart.com/x/p/x?pid=BWSGGVU7ZDANYWJN
BC-UU-LD-040,BWSGGVUBUGTBWGJG,BC-UU-LD-040,Inactive,136.0,https://www.flipkart.com/x/p/x?pid=BWSGGVUBUGTBWGJG
BC-UU-LD2-040,BWSGKGYUDPHJAJ8E,BC-UU-LD2-040.,Active,271.0,https://www.flipkart.com/x/p/x?pid=BWSGKGYUDPHJAJ8E
BC-UU-LD3-040,BWSGGVUBFGURQRFW,BC-UU-LD3-040,Active,407.0,https://www.flipkart.com/x/p/x?pid=BWSGGVUBFGURQRFW
BC-UU-RP-040,BWSGGVU4H2G3WEVA,BC-UU-RP-040,Active,148.0,https://www.flipkart.com/x/p/x?pid=BWSGGVU4H2G3WEVA
BC-UU-RP2-040,BWSGKGZ63E9Y59BT,BC-UU-RP2-040,Active,295.0,https://www.flipkart.com/x/p/x?pid=BWSGKGZ63E9Y59BT
BC-UU-RP3-040,BWSGGVU45KGTDRG5,BC-UU-RP3-040,Active,443.0,https://www.flipkart.com/x/p/x?pid=BWSGGVU45KGTDRG5
BC-UU-WY-040,BWSGGVU8QJWJEGHZ,BC-UU-WY-040,Inactive,148.0,https://www.flipkart.com/x/p/x?pid=BWSGGVU8QJWJEGHZ
BC-UU-WY2-040,BWSGKGZPAKWAZYDE,BC-UU-WY2-040,Active,295.0,https://www.flipkart.com/x/p/x?pid=BWSGKGZPAKWAZYDE
BC-UU-WY3-040,BWSGGVU87YDRE5WJ,BC-UU-WY3-040,Inactive,443.0,https://www.flipkart.com/x/p/x?pid=BWSGGVU87YDRE5WJ
CB-BA-BNBM-02,BBCGGBWP3ZHDCGGR,CB-BA-BNBM-02,Active,870.0,https://www.flipkart.com/x/p/x?pid=BBCGGBWP3ZHDCGGR
CB-BA-BNBMSCCM-04,BBCHYFFFPTF3WJKD,CB-BA-BNBMSCCM-04,Active,2654.0,https://www.flipkart.com/x/p/x?pid=BBCHYFFFPTF3WJKD
CB-BA-BSBM-02,BBCGZCNZUBTZBNWQ,CB-BA-BSBM-02,Active,870.0,https://www.flipkart.com/x/p/x?pid=BBCGZCNZUBTZBNWQ
CB-CP-CARM-02,HOLGVHRQFDEQKFYM,CB-CP-CARM-02,Active,794.0,https://www.flipkart.com/x/p/x?pid=HOLGVHRQFDEQKFYM
CB-CP-CORM-02,HOLGVHRQ2FBPQZZU,CB-CP-CORM-02,Inactive,842.0,https://www.flipkart.com/x/p/x?pid=HOLGVHRQ2FBPQZZU
CB-CPS-CS2-125,SOPG9JMYJAUCCKTQ,CB-CPS-CS2-125,Inactive,434.0,https://www.flipkart.com/x/p/x?pid=SOPG9JMYJAUCCKTQ
CB-CPS-CT2-125,SOPGN5GUTFGGNY6Z,CB-CPS-CT2-125,Inactive,434.0,https://www.flipkart.com/x/p/x?pid=SOPGN5GUTFGGNY6Z
CB-CPS-MC2-125,SOPHYGDMPGAT4ZXE,CB-CPS-MC2-125,Inactive,434.0,https://www.flipkart.com/x/p/x?pid=SOPHYGDMPGAT4ZXE
CB-CPS-MO2-125,SOPHYGDHGPPX8GKM,CB-CPS-MO2-125,Inactive,434.0,https://www.flipkart.com/x/p/x?pid=SOPHYGDHGPPX8GKM
CB-CPS-MS2-125,SOPHYGDHFJ8GSHGA,CB-CPS-MS2-125,Inactive,434.0,https://www.flipkart.com/x/p/x?pid=SOPHYGDHFJ8GSHGA
CB-CPS-MT2-125,SOPGN5FP8ZF5ZJUH,CB-CPS-MT2-125,Inactive,434.0,https://www.flipkart.com/x/p/x?pid=SOPGN5FP8ZF5ZJUH
CB-CPS-NC2-125,SOPHYGDH2DUVCKCS,CB-CPS-NC2-125,Inactive,434.0,https://www.flipkart.com/x/p/x?pid=SOPHYGDH2DUVCKCS
CB-CPS-NT2-125,SOPHYGAKKTGTZZZS,CB-CPS-NT2-125,Inactive,434.0,https://www.flipkart.com/x/p/x?pid=SOPHYGAKKTGTZZZS
CB-CPS-OC2-125,SOPHYGDHTSFKTURB,CB-CPS-OC2-125,Inactive,434.0,https://www.flipkart.com/x/p/x?pid=SOPHYGDHTSFKTURB
CB-CPS-OS2-125,SOPHYGBKWX3XPZW9,CB-CPS-OS2-125,Inactive,434.0,https://www.flipkart.com/x/p/x?pid=SOPHYGBKWX3XPZW9
CB-CPS-OT2-125,SOPHYKGBEM27SF5K,CB-CPS-OT2-125,Inactive,434.0,https://www.flipkart.com/x/p/x?pid=SOPHYKGBEM27SF5K
CB-CPS-OT2-125,SOPHYGDHTNTPZN3H,CB-CPS-NS2-125,Inactive,434.0,https://www.flipkart.com/x/p/x?pid=SOPHYGDHTNTPZN3H
CB-CPS-ST2-125,SOPGN5JJV4MVWGMZ,CB-CPS-ST2-125,Inactive,434.0,https://www.flipkart.com/x/p/x?pid=SOPGN5JJV4MVWGMZ
CB-FAS-SKC-008,CBKHDHG5FVFFKHB9,CB-FAS-SKC-008-D,Active,1163.0,https://www.flipkart.com/x/p/x?pid=CBKHDHG5FVFFKHB9
CB-FAS-SKG-12,CBKHCHWJ6GA4XTTD,CB-FAS-SKG-12,Inactive,1753.0,https://www.flipkart.com/x/p/x?pid=CBKHCHWJ6GA4XTTD
CB-FAW-SKC-008,CBKHBZGDPTSAMQQR,CB-FAW-SKC-008,Inactive,1163.0,https://www.flipkart.com/x/p/x?pid=CBKHBZGDPTSAMQQR
CB-FAW-SKC-008,CBKHGUHPCHGHKKWV,CB-FAW-SKC-01,Active,1163.0,https://www.flipkart.com/x/p/x?pid=CBKHGUHPCHGHKKWV
CB-FAW-SKG-12,CBKHJRT9WWHCQ2RT,CB-FAW-SKG-12,Active,1753.0,https://www.flipkart.com/x/p/x?pid=CBKHJRT9WWHCQ2RT
CB-GS-AC-06,CBKGU7HSKRFYGCXW,CB-GS-AC-06,Inactive,1676.0,https://www.flipkart.com/x/p/x?pid=CBKGU7HSKRFYGCXW
CB-GS-AB-08,CBKGU7HSBYCU4TUH,CB-GS-AB-08,Active,2443.0,https://www.flipkart.com/x/p/x?pid=CBKGU7HSBYCU4TUH
CB-GS-AE-06,CBKGU7HSPX7YVBEQ,CB-GS-AE-06,Active,1676.0,https://www.flipkart.com/x/p/x?pid=CBKGU7HSPX7YVBEQ
CB-GS-AD-07,CBKGU7HSRWPJADZA,CB-GS-AD-07,Active,1912.0,https://www.flipkart.com/x/p/x?pid=CBKGU7HSRWPJADZA
CB-GS-AI-06,CBKGU7HS92HXBP2P,CB-GS-AI-06,Inactive,1617.0,https://www.flipkart.com/x/p/x?pid=CBKGU7HS92HXBP2P
CB-GS-BR-06,CBKGUGX97UEPBEQH,CB-GS-BR-06,Inactive,1298.0,https://www.flipkart.com/x/p/x?pid=CBKGUGX97UEPBEQH
CB-GS-BS-06,CBKGUGX9A93DHHSH,CB-GS-BS-06,Inactive,1770.0,https://www.flipkart.com/x/p/x?pid=CBKGUGX9A93DHHSH
CB-GS-BT-08,CBKGUGX88TZMJUXF,CB-GS-BT-08,Inactive,2360.0,https://www.flipkart.com/x/p/x?pid=CBKGUGX88TZMJUXF
CB-GS-BU-09,CBKGUGX9HXTSE5F3,CB-GS-BU-09,Inactive,2950.0,https://www.flipkart.com/x/p/x?pid=CBKGUGX9HXTSE5F3
CB-GS-CM-04,CBKH59JSSEVV3GF7,CB-GS-CM-04,Inactive,766.0,https://www.flipkart.com/x/p/x?pid=CBKH59JSSEVV3GF7
CB-GS-CN-06,CBKH59JTQDGNUBXE,CB-GS-CN-06,Inactive,1474.0,https://www.flipkart.com/x/p/x?pid=CBKH59JTQDGNUBXE
CB-GS-AG-08,CBKGU7HXVWGFYV2T,CB-GS-AG-08,Inactive,2419.0,https://www.flipkart.com/x/p/x?pid=CBKGU7HXVWGFYV2T
CB-GS-CP-08,CBKH59JSH3CE3VD6,CB-GS-CP-08,Inactive,2241.0,https://www.flipkart.com/x/p/x?pid=CBKH59JSH3CE3VD6
CB-HO-HHBN-03,HTTGV2ZQGB3XED7G,CB-HO-HHBN-03,Active,689.0,https://www.flipkart.com/x/p/x?pid=HTTGV2ZQGB3XED7G
CB-KNC-BPDT-03,HCBGV2QFMD4UHT9S,CB-KNC-BPDT-03,Active,586.0,https://www.flipkart.com/x/p/x?pid=HCBGV2QFMD4UHT9S
CB-KNC-DHBN-03,CBKGTQ4AXUVFHCX7,CB-KNC-DHBN-03,Active,530.0,https://www.flipkart.com/x/p/x?pid=CBKGTQ4AXUVFHCX7
CB-KNC-DHBO-02,CBKGT8CGSEX5PKFP,CB-KNC-DHBO-02,Active,629.0,https://www.flipkart.com/x/p/x?pid=CBKGT8CGSEX5PKFP
CB-KNC-DMNO-02,CBKGTQ49HUA2FA2Y,CB-KNC-DMNO-02,Active,629.0,https://www.flipkart.com/x/p/x?pid=CBKGTQ49HUA2FA2Y
CB-KNC-DNBN-03,CBKGTQ4CZF5H5R3S,CB-KNC-DNBN-03,Active,494.0,https://www.flipkart.com/x/p/x?pid=CBKGTQ4CZF5H5R3S
CB-KNC-DOLO-02,CBKGTQ4BN9Q9UCJJ,CB-KNC-DOLO-02,Inactive,611.0,https://www.flipkart.com/x/p/x?pid=CBKGTQ4BN9Q9UCJJ
CB-KNC-DTLN-03,CBKGTQ4BXQJEYHJN,CB-KNC-DTLN-03,Active,494.0,https://www.flipkart.com/x/p/x?pid=CBKGTQ4BXQJEYHJN
CB-KNC-DTLO-02,CBKGTQ4YNNCSAMWM,CB-KNC-DTLO-02,Active,588.0,https://www.flipkart.com/x/p/x?pid=CBKGTQ4YNNCSAMWM
CB-GS-AH-09,CBKGU7HXD8KQGNZH,CB-GS-AH-09,Active,2289.0,https://www.flipkart.com/x/p/x?pid=CBKGU7HXD8KQGNZH
CB-KNC-SSS-02,HCBGV2QFHC88WDWN,CB-KNC-SSS-02,Active,398.0,https://www.flipkart.com/x/p/x?pid=HCBGV2QFHC88WDWN
CB-KNC-WHBO-02,CBKGT8CHVDPBUPSJ,CB-KNC-WHBO-02,Active,629.0,https://www.flipkart.com/x/p/x?pid=CBKGT8CHVDPBUPSJ
CB-KNC-WNBO-02,CBKGTQ3YSXYMPFHX,CB-KNC-WNBO-02,Active,588.0,https://www.flipkart.com/x/p/x?pid=CBKGTQ3YSXYMPFHX
CB-KNC-WOLO-02,CBKGTQ4FDTYZG9CU,CB-KNC-WOLO-02,Inactive,611.0,https://www.flipkart.com/x/p/x?pid=CBKGTQ4FDTYZG9CU
CB-KNC-WTLO-02,CBKGTQ47KDQXAGDM,CB-KNC-WTLO-02,Active,588.0,https://www.flipkart.com/x/p/x?pid=CBKGTQ47KDQXAGDM
CB-ML-PGFJ-02,CBKGP7GQHHPH9EDH,CB-ML-PGFJ-02,Active,836.0,https://www.flipkart.com/x/p/x?pid=CBKGP7GQHHPH9EDH
CB-ML-SGFJ-02,CBKGP6TVES6YXTRH,CB-ML-SGFJ-02,Active,848.0,https://www.flipkart.com/x/p/x?pid=CBKGP6TVES6YXTRH
CB-ML-TLFJ-02,CBKGP7GZAAPESNMX,CB-ML-TLFJ-02,Active,819.0,https://www.flipkart.com/x/p/x?pid=CBKGP7GZAAPESNMX
CB-PC-AGNL-04,CANGUEFQF5QPTZZZ,CB-PC-AGNL-04,Inactive,668.0,https://www.flipkart.com/x/p/x?pid=CANGUEFQF5QPTZZZ
CB-PC-MSAG-04,CANGUEFQMY3AUZVX,CB-PC-MSAG-04,Inactive,668.0,https://www.flipkart.com/x/p/x?pid=CANGUEFQMY3AUZVX
CB-PC-SNMS-04,CANGUEFQU5QVYYKB,CB-PC-SNMS-04,Inactive,668.0,https://www.flipkart.com/x/p/x?pid=CANGUEFQU5QVYYKB
CB-PC-SNNL-04,CANGUEFQYEW4THUG,CB-PC-SNNL-04,Inactive,668.0,https://www.flipkart.com/x/p/x?pid=CANGUEFQYEW4THUG
CB-GS-BV-19,CBKGUGX8KCSQ3UKZ,CB-GS-BV-19,Inactive,5900.0,https://www.flipkart.com/x/p/x?pid=CBKGUGX8KCSQ3UKZ
CB-GS-CO-07,CBKH59JSQPBXZWWC,CB-GS-CO-07,Inactive,1828.0,https://www.flipkart.com/x/p/x?pid=CBKH59JSQPBXZWWC
CB-KNC-DTRA-02,CBKGTQ4DWHAGYMM2,CB-KNC-DTRA-02,Active,656.0,https://www.flipkart.com/x/p/x?pid=CBKGTQ4DWHAGYMM2
CB-KNC-WTRA-02,CBKGTQ4CFTCPZRQY,CB-KNC-WTRA-02,Inactive,656.0,https://www.flipkart.com/x/p/x?pid=CBKGTQ4CFTCPZRQY
CB-RA2-RBUP-100,HNAGYSA226CZXX6D,CB-RA2-RBUP-100,Active,741.0,https://www.flipkart.com/x/p/x?pid=HNAGYSA226CZXX6D
CB-RA2-RCSN-03,HNAGV2TAMMAFVCNF,CB-RA2-RCSN-03,Active,716.0,https://www.flipkart.com/x/p/x?pid=HNAGV2TAMMAFVCNF
CB-RA2-RCSN-03,MEHGYRB62ZPHRQAR,CB-RA2-RCSN-03-N,Inactive,716.0,https://www.flipkart.com/x/p/x?pid=MEHGYRB62ZPHRQAR
CB-SH-HRA2-03,HNAH9EHZUQAHXEZW,CB-SH-HRA2-03,Active,835.0,https://www.flipkart.com/x/p/x?pid=HNAH9EHZUQAHXEZW
CB-SHO-HAB-02,HOLH9EHVH7FEDQ4D,CB-SHO-HAB-02,Active,825.0,https://www.flipkart.com/x/p/x?pid=HOLH9EHVH7FEDQ4D
CB-SHO-TTR-02,HOLH9EHCVNB9WM6R,CB-SHO-TTR-02,Active,772.0,https://www.flipkart.com/x/p/x?pid=HOLH9EHCVNB9WM6R
CB-SM-MNDC-02,MSCGSZE5XYVGYFMH,CB-SM-MNDC-02,Active,838.0,https://www.flipkart.com/x/p/x?pid=MSCGSZE5XYVGYFMH
CB-SM-MNFR-02,MSCGSZE53GWNEGDG,CB-SM-MNFR-02,Active,814.0,https://www.flipkart.com/x/p/x?pid=MSCGSZE53GWNEGDG
EC-UE-FNC-020,ECMGVP88RQAGTHYB,EC-UE-FNC-020,Active,388.0,https://www.flipkart.com/x/p/x?pid=ECMGVP88RQAGTHYB
EC-UE-PN-009,ESMGEFR7HVJGAXBG,4W-AAF2-7TY8,Active,376.0,https://www.flipkart.com/x/p/x?pid=ESMGEFR7HVJGAXBG
FC-AC-AC-050,MSCGVCTGYYDY8ERQ,FC-AC-AC-050,Active,506.0,https://www.flipkart.com/x/p/x?pid=MSCGVCTGYYDY8ERQ
FC-AC-AC2-050,MSCHYZ2EYA9TN2HM,FC-AC-AC2-050,Active,1012.0,https://www.flipkart.com/x/p/x?pid=MSCHYZ2EYA9TN2HM
FC-AC-BT-050,MSCGVCTJ9QKPRF4W,FC-AC-BT-050,Inactive,459.0,https://www.flipkart.com/x/p/x?pid=MSCGVCTJ9QKPRF4W
FC-AC-BT2-050,MSCHYZ2DDWGMFYYG,FC-AC-BT2-050,Active,918.0,https://www.flipkart.com/x/p/x?pid=MSCHYZ2DDWGMFYYG
FC-AC-NT-050,MSCGVCTJGXFQHMZG,FC-AC-NT-050,Active,459.0,https://www.flipkart.com/x/p/x?pid=MSCGVCTJGXFQHMZG
FC-AC-NT2-050,MSCHYZ2ETPKKXGAQ,FC-AC-NT2-050,Active,918.0,https://www.flipkart.com/x/p/x?pid=MSCHYZ2ETPKKXGAQ
FC-AC-OK-050,MSCGVCTGGXZ2UFZS,FC-AC-OK-050,Active,471.0,https://www.flipkart.com/x/p/x?pid=MSCGVCTGGXZ2UFZS
FC-AC-OK2-050,MSCHYZ2EAABFUGU3,FC-AC-OK2-050,Active,942.0,https://www.flipkart.com/x/p/x?pid=MSCHYZ2EAABFUGU3
FC-AC-OV-050,MSCGVCTJYA2Q5EGH,FC-AC-OV-050,Active,471.0,https://www.flipkart.com/x/p/x?pid=MSCGVCTJYA2Q5EGH
FC-AC-OV2-050,MSCHYZ2EBCRMUTNJ,FC-AC-OV2-050,Active,942.0,https://www.flipkart.com/x/p/x?pid=MSCHYZ2EBCRMUTNJ
FC-CB-BNNT-02,FCWHMX9E2YGUHR5R,FC-CB-BNNT-02,Active,605.0,https://www.flipkart.com/x/p/x?pid=FCWHMX9E2YGUHR5R
FC-CM-CEM-030,KMTH9PMYZXG8ZJCV,FC-CM-CEM-030,Active,690.0,https://www.flipkart.com/x/p/x?pid=KMTH9PMYZXG8ZJCV
FC-CM-CKM-010,KMTH9PMW5XBC55W9,FC-CM-CKM-010,Active,1851.0,https://www.flipkart.com/x/p/x?pid=KMTH9PMW5XBC55W9
FC-CM-CKM-015,KMTH9PMWNHZW7YMR,FC-CM-CKM-015,Active,2743.0,https://www.flipkart.com/x/p/x?pid=KMTH9PMWNHZW7YMR
FC-CM-CNM-030,KMTH9PMWRE5VBTZE,FC-CM-CNM-030,Active,673.0,https://www.flipkart.com/x/p/x?pid=KMTH9PMWRE5VBTZE
FC-CWDM-BT-030,MSCGHTQ8YU4FYUZN,CWDM-BT-030-V2,Active,364.0,https://www.flipkart.com/x/p/x?pid=MSCGHTQ8YU4FYUZN
FC-CWDM-FW-030,MSCGHUVA7EVHKFXJ,CWDM-FW-030-V2,Active,377.0,https://www.flipkart.com/x/p/x?pid=MSCGHUVA7EVHKFXJ
FC-CWDM-TP-030,MSCGHUQVZSAHWP26,CWDM-TP-030-V2,Active,364.0,https://www.flipkart.com/x/p/x?pid=MSCGHUQVZSAHWP26
FC-DM-AA-030,MSCGHUSTAXWDF8JY,FC-DM-AA-030,Active,401.0,https://www.flipkart.com/x/p/x?pid=MSCGHUSTAXWDF8JY
FC-DM-AA2-030,MSCHH3ZTGQHFXANS,FC-DM-AA2-030,Active,802.0,https://www.flipkart.com/x/p/x?pid=MSCHH3ZTGQHFXANS
FC-DM-DP-030,MSCGHUUYEPPZFQS9,FC-DM-DP-030,Active,377.0,https://www.flipkart.com/x/p/x?pid=MSCGHUUYEPPZFQS9
FC-DM-NR-030,MSCGHUTXDGHD7KDZ,FC-DM-NR-030,Active,401.0,https://www.flipkart.com/x/p/x?pid=MSCGHUTXDGHD7KDZ
FC-DM-NR-050,MSCHKAVF9FNZ4CGM,FC-DM-NR-050,Active,534.0,https://www.flipkart.com/x/p/x?pid=MSCHKAVF9FNZ4CGM
FC-DM-PG-030,MSCGHUT6C3AMQFCS,FC-DM-PG-030,Active,401.0,https://www.flipkart.com/x/p/x?pid=MSCGHUT6C3AMQFCS
FC-DM-PG-050,MSCHKAVPNQXS2AMD,FC-DM-PG-050,Active,534.0,https://www.flipkart.com/x/p/x?pid=MSCHKAVPNQXS2AMD
FC-DU-DR-040,FCWGEFZGYPXRUGYM,FC-DU-DR-040,Active,142.0,https://www.flipkart.com/x/p/x?pid=FCWGEFZGYPXRUGYM
FC-DU-DR2-040,FCWGEFZMX9GZCQFT,FC-DU-DR2-040,Active,284.0,https://www.flipkart.com/x/p/x?pid=FCWGEFZMX9GZCQFT
FC-DU-LB-040,FCWGEFZGPEGFPNC3,FC-DU-LB-040,Inactive,105.0,https://www.flipkart.com/x/p/x?pid=FCWGEFZGPEGFPNC3
FC-DU-LB2-040,FCWGEFZKTG44E68P,FC-DU-LB2-040,Inactive,188.0,https://www.flipkart.com/x/p/x?pid=FCWGEFZKTG44E68P
FC-DU-LC-040,FCWGEFZGFSFDYKH6,FC-DU-LC-040,Active,142.0,https://www.flipkart.com/x/p/x?pid=FCWGEFZGFSFDYKH6
FC-DU-LC2-040,FCWGEFZGHGBFKD8Y,FC-DU-LC2-040,Active,284.0,https://www.flipkart.com/x/p/x?pid=FCWGEFZGHGBFKD8Y
FC-DU-SO-040,FCWGEFZMMJD2AYNA,FC-DU-SO-040,Inactive,142.0,https://www.flipkart.com/x/p/x?pid=FCWGEFZMMJD2AYNA
FC-DU-SO2-040,FCWGEFZGVZKAXUYY,FC-DU-SO2-040,Active,284.0,https://www.flipkart.com/x/p/x?pid=FCWGEFZGVZKAXUYY
FC-EM-CN2-025,FCPGN4ABVY6XB853,FC-EM-CN2-025,Active,224.0,https://www.flipkart.com/x/p/x?pid=FCPGN4ABVY6XB853
FC-EM-CN3-025,SCBGR2G3ZWVJYVHY,FC-EM-CN3-025,Active,336.0,https://www.flipkart.com/x/p/x?pid=SCBGR2G3ZWVJYVHY
FC-EM-FG2-025,FCPGN4ACQSBDFK7Y,FC-EM-FG2-025,Active,224.0,https://www.flipkart.com/x/p/x?pid=FCPGN4ACQSBDFK7Y
FC-EM-FG3-025,SCBGR2G3GWW4RBCP,FC-EM-FG3-025,Active,336.0,https://www.flipkart.com/x/p/x?pid=SCBGR2G3GWW4RBCP
FC-EM-HS2-025,FCPGN4ABQRZGHJG3,FC-EM-HS2-025,Active,224.0,https://www.flipkart.com/x/p/x?pid=FCPGN4ABQRZGHJG3
FC-EM-HS3-025,SCBGRYGFEPYJZACG,FC-EM-HS3-025,Active,336.0,https://www.flipkart.com/x/p/x?pid=SCBGRYGFEPYJZACG
FC-EM-NML2-025,FCPGN4ABUVZKWZCX,FC-EM-NML2-025,Active,224.0,https://www.flipkart.com/x/p/x?pid=FCPGN4ABUVZKWZCX
FC-EM-NML3-025,SCBGR2G3GKZCAYDV,FC-EM-NML3-025,Active,336.0,https://www.flipkart.com/x/p/x?pid=SCBGR2G3GKZCAYDV
FC-EM-PC2-025,FCPGN4ABGGDUNYR7,FC-EM-PC2-025,Active,224.0,https://www.flipkart.com/x/p/x?pid=FCPGN4ABGGDUNYR7
FC-EM-PC3-025,SCBGR2G3BYH5GZPY,FC-EM-PC3-025,Active,336.0,https://www.flipkart.com/x/p/x?pid=SCBGR2G3BYH5GZPY
FC-EM-UJ2-025,FCPGN4ABBZN23KTZ,FC-EM-UJ2-025,Inactive,224.0,https://www.flipkart.com/x/p/x?pid=FCPGN4ABBZN23KTZ
FC-EM-UJ3-025,SCBGRYGAZJAXFVVE,FC-EM-UJ3-025,Active,336.0,https://www.flipkart.com/x/p/x?pid=SCBGRYGAZJAXFVVE
FC-FL-GU-100,TNRG9KDGXVWXKS33,FC-FL-GU-100,Active,258.0,https://www.flipkart.com/x/p/x?pid=TNRG9KDGXVWXKS33
FC-FL-GU-190,TNRHA89YBGGTTY6C,FC-FL-GU-190,Active,481.0,https://www.flipkart.com/x/p/x?pid=TNRHA89YBGGTTY6C
FC-FL-GU2-100,TNRGHY6SXMNJVN2E,FC-FL-GU2-100,Active,516.0,https://www.flipkart.com/x/p/x?pid=TNRGHY6SXMNJVN2E
FC-FL-GU3-100,TNRG9KDGJHBVYRYZ,FC-FL-GU3-100,Active,774.0,https://www.flipkart.com/x/p/x?pid=TNRG9KDGJHBVYRYZ
FC-FL-LA-100,TNRG9HAHUAMHSNAY,FC-FL-LA-100,Active,258.0,https://www.flipkart.com/x/p/x?pid=TNRG9HAHUAMHSNAY
FC-FL-LA2-100,TNRH5MU3AFSBNUEF,FC-FL-2LA-100,Active,516.0,https://www.flipkart.com/x/p/x?pid=TNRH5MU3AFSBNUEF
FC-FL-LA3-100,TNRG9HAR4SZN3HHN,FC-FL-LA3-100,Active,774.0,https://www.flipkart.com/x/p/x?pid=TNRG9HAR4SZN3HHN
FC-FL-MO-100,TNRG9JGHUW2JMXMA,FC-FL-MO-100,Active,258.0,https://www.flipkart.com/x/p/x?pid=TNRG9JGHUW2JMXMA
FC-FL-MO2-100,TNRGHZ8HQS25DQSE,FC-FL-MO2-100,Active,516.0,https://www.flipkart.com/x/p/x?pid=TNRGHZ8HQS25DQSE
FC-FL-MO3-100,TNRG9JGA9UZBBKDA,FC-FL-MO3-100,Inactive,774.0,https://www.flipkart.com/x/p/x?pid=TNRG9JGA9UZBBKDA
FC-FW-BNCR-100,FCWH4NN9V8P6EQKZ,FC-FW-BNCR-100-D,Active,341.0,https://www.flipkart.com/x/p/x?pid=FCWH4NN9V8P6EQKZ
FC-FW-BNCR-100,FCWGWT6B4HKPDJCH,FC-FW-BNCR-100,Inactive,341.0,https://www.flipkart.com/x/p/x?pid=FCWGWT6B4HKPDJCH
FC-FW-BNCR2-100,FCWHFFUXGGGCARJZ,FC-FW-BNCR2-100,Active,682.0,https://www.flipkart.com/x/p/x?pid=FCWHFFUXGGGCARJZ
FC-FW-BNGL-100,FCWGRZX9UZZ3VBZV,FC-FW-BNGL-100,Active,335.0,https://www.flipkart.com/x/p/x?pid=FCWGRZX9UZZ3VBZV
FC-FW-BNGL2-100,FCWHYWZQDP7JJKGR,FC-FW-BNGL2-100,Active,670.0,https://www.flipkart.com/x/p/x?pid=FCWHYWZQDP7JJKGR
FC-FW-BUCM-02,FCWHE39FEVYBGGX8,FC-FW-BUCM-02,Active,429.0,https://www.flipkart.com/x/p/x?pid=FCWHE39FEVYBGGX8
FC-FW-BUPA-100,FCWGUA62VWP9E37J,FC-FW-BUPA-100,Active,317.0,https://www.flipkart.com/x/p/x?pid=FCWGUA62VWP9E37J
FC-FW-BUPA2-100,FCWHYWZDZRE5HRGY,FC-FW-BUPA2-100,Active,634.0,https://www.flipkart.com/x/p/x?pid=FCWHYWZDZRE5HRGY
FC-FW-GPCR-100,FCWGS3KSDZQDZFJZ,FC-FW-GPCR-100,Inactive,328.0,https://www.flipkart.com/x/p/x?pid=FCWGS3KSDZQDZFJZ
FC-FW-GPCR2-100,FCWHYWWE3NVZWE8Q,FC-FW-GPCR2-100,Inactive,655.0,https://www.flipkart.com/x/p/x?pid=FCWHYWWE3NVZWE8Q
FC-FW-GPGL-100,FCWGS243FFHUAFJE,FC-FW-GPGL-100,Inactive,321.0,https://www.flipkart.com/x/p/x?pid=FCWGS243FFHUAFJE
FC-FW-GPGL2-100,FCWHYWZ7J9BHEFUJ,FC-FW-GPGL2-100,Inactive,642.0,https://www.flipkart.com/x/p/x?pid=FCWHYWZ7J9BHEFUJ
FC-FW-KMPA-100,FCWH8UFAM3R3JSGG,FC-FW-KMPA-100,Active,288.0,https://www.flipkart.com/x/p/x?pid=FCWH8UFAM3R3JSGG
FC-FW-MDPA-100,FCWGUA63F2DFZQAM,FC-FW-MDPA-100,Active,317.0,https://www.flipkart.com/x/p/x?pid=FCWGUA63F2DFZQAM
FC-FW-MDPA2-100,FCWHYWX5Q6CH9YMG,FC-FW-MDPA2-100,Active,634.0,https://www.flipkart.com/x/p/x?pid=FCWHYWX5Q6CH9YMG
FC-FW-MGNG-02,FCWHEB8674RDD7X2,FC-FW-MGNG-02,Active,647.0,https://www.flipkart.com/x/p/x?pid=FCWHEB8674RDD7X2
FC-FW-MVCR-100,FCWGS5FCFHDZTHZZ,FC-FW-MVCR-100,Active,317.0,https://www.flipkart.com/x/p/x?pid=FCWGS5FCFHDZTHZZ
FC-FW-MVCR2-100,FCWHFFUWEKTENQFQ,FC-FW-MVCR2-100,Active,634.0,https://www.flipkart.com/x/p/x?pid=FCWHFFUWEKTENQFQ
FC-FW-MVGL-100,FCWGRZX3BN7XHKUR,FC-FW-MVGL-100,Active,312.0,https://www.flipkart.com/x/p/x?pid=FCWGRZX3BN7XHKUR
FC-FW-MVGL2-100,FCWHYWWPVZMEXTGK,FC-FW-MVGL2-100,Active,624.0,https://www.flipkart.com/x/p/x?pid=FCWHYWWPVZMEXTGK
FC-FW-PBCR-100,FCWGS3JESBB5RMAM,FC-FW-PBCR-100,Active,317.0,https://www.flipkart.com/x/p/x?pid=FCWGS3JESBB5RMAM
FC-FW-PBCR2-100,FCWHYWZGFEJBTHQN,FC-FW-PBCR2-100,Active,634.0,https://www.flipkart.com/x/p/x?pid=FCWHYWZGFEJBTHQN
FC-FW-RCCR-100,FCWGT8ARAWQHN2EG,FC-FW-RCCR-100,Inactive,288.0,https://www.flipkart.com/x/p/x?pid=FCWGT8ARAWQHN2EG
FC-FW-RCCR2-100,FCWHYXFYTFZEBT7M,FC-FW-RCCR2-100,Active,576.0,https://www.flipkart.com/x/p/x?pid=FCWHYXFYTFZEBT7M
FC-FW-RCGL-100,FCWGT8AKTF3QTCSA,FC-FW-RCGL-100,Active,282.0,https://www.flipkart.com/x/p/x?pid=FCWGT8AKTF3QTCSA
FC-FW-RCGL2-100,FCWHYX58KMTHZEHK,FC-FW-RCGL2-100,Inactive,564.0,https://www.flipkart.com/x/p/x?pid=FCWHYX58KMTHZEHK
FC-HDDM-FB-030,MSCGHUSEDJGZ9YMM,HDDM-FB-030-V2,Active,377.0,https://www.flipkart.com/x/p/x?pid=MSCGHUSEDJGZ9YMM
FC-HDDM-FB-050,MSCHKAUQJ8CSCZTZ,FC-HDDM-FB-050,Active,468.0,https://www.flipkart.com/x/p/x?pid=MSCHKAUQJ8CSCZTZ
FC-HDDM-PT-030,MSCGHTPKHWFRDBTR,HDDM-PT-030-V2,Active,380.0,https://www.flipkart.com/x/p/x?pid=MSCGHTPKHWFRDBTR
FC-HDDM-TR-030,MSCGHUQJPZGZJARC,HDDM-TR-030-V2,Active,364.0,https://www.flipkart.com/x/p/x?pid=MSCGHUQJPZGZJARC
FC-HDDM-TR-050,MSCHKANH8CWWYXSU,FC-HDDM-TR-050,Active,439.0,https://www.flipkart.com/x/p/x?pid=MSCHKANH8CWWYXSU
FC-HG-AC2-080,FCPGNY749S5ZYTA7,FC-HG-AC2-080,Inactive,540.0,https://www.flipkart.com/x/p/x?pid=FCPGNY749S5ZYTA7
FC-HG-BT2-080,FCPGNY74PHFGKZNT,FC-HG-BT2-080,Active,531.0,https://www.flipkart.com/x/p/x?pid=FCPGNY74PHFGKZNT
FC-HG-NT2-080,FCPGNY6VWHVXRWQF,FC-HG-NT2-080,Inactive,540.0,https://www.flipkart.com/x/p/x?pid=FCPGNY6VWHVXRWQF
FC-HG-OK2-080,FCPGNY6WEDPEKHMH,FC-HG-OK2-080,Inactive,555.0,https://www.flipkart.com/x/p/x?pid=FCPGNY6WEDPEKHMH
FC-HG-OV2-080,FCPGNY6WKQFUY5BW,FC-HG-OV2-080,Inactive,555.0,https://www.flipkart.com/x/p/x?pid=FCPGNY6WKQFUY5BW
FC-HG-PA2-080,MSCHCGTQMVC9M65G,FC-HG-PA2-080-D,Active,482.0,https://www.flipkart.com/x/p/x?pid=MSCHCGTQMVC9M65G
FC-HG-PA2-080,FCPGNY6VD79FYZJT,FC-HG-PA2-080,Inactive,482.0,https://www.flipkart.com/x/p/x?pid=FCPGNY6VD79FYZJT
FC-HG-RT2-080,FCPGNY6V6A4KYZHZ,FC-HG-RT2-080,Inactive,531.0,https://www.flipkart.com/x/p/x?pid=FCPGNY6V6A4KYZHZ
FC-HHDM-FC-030,MSCGHUREHUGTSDJP,HHDM-030-V2,Active,377.0,https://www.flipkart.com/x/p/x?pid=MSCGHUREHUGTSDJP
FC-HHDM-FC-050,MSCHKAU8V7JG77DG,FC-HHDM-FC-050,Active,468.0,https://www.flipkart.com/x/p/x?pid=MSCHKAU8V7JG77DG
FC-HHDM-GAT-030,MSCGHUPXVTYEPTDR,HHDM-GAT-030-V2,Active,380.0,https://www.flipkart.com/x/p/x?pid=MSCGHUPXVTYEPTDR
FC-HHDM-TV-030,MSCGHUQ8FSUH9GYY,HHDM-TV-030-V2,Active,364.0,https://www.flipkart.com/x/p/x?pid=MSCGHUQ8FSUH9GYY
FC-HHDM-TV-050,MSCHKUG5GTHQBXVA,FC-HHDM-TV-050,Active,439.0,https://www.flipkart.com/x/p/x?pid=MSCHKUG5GTHQBXVA
FC-HP-AHP-125,HTTHKHMCBZ3GJZJK,FC-HP-AHP-125,Active,354.0,https://www.flipkart.com/x/p/x?pid=HTTHKHMCBZ3GJZJK
FC-HP-HHP-100,HTTHKSBP86KZNKNA,FC-HP-HHP-100,Active,472.0,https://www.flipkart.com/x/p/x?pid=HTTHKSBP86KZNKNA
FC-HP-MM-200,HTTHHBEEYHWEHWZZ,FC-HP-MM-200,Active,307.0,https://www.flipkart.com/x/p/x?pid=HTTHHBEEYHWEHWZZ
FC-HP-MP-100,HTTHKSBSCC48HR8N,FC-HP-MM-100,Active,354.0,https://www.flipkart.com/x/p/x?pid=HTTHKSBSCC48HR8N
FC-KL-AC-040,FCPGHJP3GGVCDYJ7,FC-KL-AC-040,Active,238.0,https://www.flipkart.com/x/p/x?pid=FCPGHJP3GGVCDYJ7
FC-KL-AC2-040,FCPGKGTDMFM2FTW5,FC-KL-AC2-040,Inactive,476.0,https://www.flipkart.com/x/p/x?pid=FCPGKGTDMFM2FTW5
FC-KL-BM-040,FCPGHJP3XGT4M8HB,FC-KL-BM-040,Active,261.0,https://www.flipkart.com/x/p/x?pid=FCPGHJP3XGT4M8HB
FC-KL-BM2-040,FCPGKGUGKR8GZBJM,FC-KL-BM2-040,Active,522.0,https://www.flipkart.com/x/p/x?pid=FCPGKGUGKR8GZBJM
FC-KL-CN-040,FCPGHJP3WXQWG7UC,FC-KL-CN-040,Active,286.0,https://www.flipkart.com/x/p/x?pid=FCPGHJP3WXQWG7UC
FC-KL-CN2-040,FCPGKGVFMYGDJUDA,FC-KL-CN2-040,Active,572.0,https://www.flipkart.com/x/p/x?pid=FCPGKGVFMYGDJUDA
FC-KL-FM-040,FCPGHJP392ZYNGHP,FC-KL-FM-040,Active,273.0,https://www.flipkart.com/x/p/x?pid=FCPGHJP392ZYNGHP
FC-KL-FM2-040,FCPGKGV9XRYABWGW,FC-KL-FM2-040,Active,546.0,https://www.flipkart.com/x/p/x?pid=FCPGKGV9XRYABWGW
FC-KL-GK-040,FCPGHJP3VRBQFN3Z,FC-KL-GK-040,Active,273.0,https://www.flipkart.com/x/p/x?pid=FCPGHJP3VRBQFN3Z
FC-KL-GK2-040,FCPGKHZGUG8ZWCJ2,FC-KL-GK2-040,Active,546.0,https://www.flipkart.com/x/p/x?pid=FCPGKHZGUG8ZWCJ2
FC-KL-KA-040,FCPGHJP3Z5QJXHWS,FC-KL-KA-040,Inactive,273.0,https://www.flipkart.com/x/p/x?pid=FCPGHJP3Z5QJXHWS
FC-KL-KA2-040,FCPGKGYWREWBNHXT,FC-KL-KA2-040,Inactive,546.0,https://www.flipkart.com/x/p/x?pid=FCPGKGYWREWBNHXT
FC-KL-NA-040,FCPGHJP3BHNDAZER,FC-KL-NA-040,Active,250.0,https://www.flipkart.com/x/p/x?pid=FCPGHJP3BHNDAZER
FC-KL-NA2-040,FCPGKGY9Y5T8Z4MC,FC-KL-NA2-040,Active,500.0,https://www.flipkart.com/x/p/x?pid=FCPGKGY9Y5T8Z4MC
FC-KL-OK-040,FCPGHJP3WEHYGY6V,FC-KL-OK-040,Active,261.0,https://www.flipkart.com/x/p/x?pid=FCPGHJP3WEHYGY6V
FC-KL-OK2-040,FCPGKGFKZNUTE5TG,FC-KL-OK2-040,Active,522.0,https://www.flipkart.com/x/p/x?pid=FCPGKGFKZNUTE5TG
FC-KL-PBC-040,FCPGHJP3JXQD2AXK,FC-KL-PBC-040,Active,261.0,https://www.flipkart.com/x/p/x?pid=FCPGHJP3JXQD2AXK
FC-KL-PBC2-040,FCPGKGU6HZZCWP25,FC-KL-PBC2-040,Active,522.0,https://www.flipkart.com/x/p/x?pid=FCPGKGU6HZZCWP25
FC-KL-TK-040,FCPGHJP3NWSTV5ZU,FC-KL-TK-040,Active,250.0,https://www.flipkart.com/x/p/x?pid=FCPGHJP3NWSTV5ZU
FC-KL-TK2-040,FCPGKGW3VZNZCZZ8,FC-KL-TK2-040,Active,500.0,https://www.flipkart.com/x/p/x?pid=FCPGKGW3VZNZCZZ8
FC-ML-CMG-015,FRNHYNZXPGNQRTHG,FC-ML-CMG-015,Active,360.0,https://www.flipkart.com/x/p/x?pid=FRNHYNZXPGNQRTHG
FC-ML-CMG-030,MSOGGFSC8JAGMPD4,FC-ML-CMG-030,Active,506.0,https://www.flipkart.com/x/p/x?pid=MSOGGFSC8JAGMPD4
FC-ML-LMR-015,FRNHYZYFZAZ8YKZN,FC-ML-LMR-015,Active,367.0,https://www.flipkart.com/x/p/x?pid=FRNHYZYFZAZ8YKZN
FC-ML-LMR-030,MSOGGFSCADSGHSRE,FC-ML-LMR-030,Active,522.0,https://www.flipkart.com/x/p/x?pid=MSOGGFSCADSGHSRE
FC-ML-PMJ-015,FRNHYNZPVGKXDGJC,FC-ML-PMJ-015,Active,388.0,https://www.flipkart.com/x/p/x?pid=FRNHYNZPVGKXDGJC
FC-ML-PMJ-030,MSOGGFSCYRYJ8YUP,FC-ML-PMJ-030,Active,578.0,https://www.flipkart.com/x/p/x?pid=MSOGGFSCYRYJ8YUP
FC-ML-STR-015,FRNHYNZZT8WFSRNP,FC-ML-STR-015,Active,395.0,https://www.flipkart.com/x/p/x?pid=FRNHYNZZT8WFSRNP
FC-ML-STR-030,MSOGGFSCHJVYJURG,FC-ML-STR-030,Active,590.0,https://www.flipkart.com/x/p/x?pid=MSOGGFSCHJVYJURG
FC-ML-TRH-015,FRNHYNZVS5ZCSXXC,FC-ML-TRH-015,Active,379.0,https://www.flipkart.com/x/p/x?pid=FRNHYNZVS5ZCSXXC
FC-ML-TRH-030,MSOGGFSCXUGSAHF6,FC-ML-TRH-030,Active,561.0,https://www.flipkart.com/x/p/x?pid=MSOGGFSCXUGSAHF6
FC-ML-WAR-015,FRNHYNZSHYXCFTZW,FC-ML-WAR-015,Active,360.0,https://www.flipkart.com/x/p/x?pid=FRNHYNZSHYXCFTZW
FC-ML-WAR-030,MSOGGFSCPTGHGFZN,FC-ML-WAR-030,Active,506.0,https://www.flipkart.com/x/p/x?pid=MSOGGFSCPTGHGFZN
FC-MM-GK-25,MURGGCUCJUMEZK3F,FC-MM-GK-25,Inactive,307.0,https://www.flipkart.com/x/p/x?pid=MURGGCUCJUMEZK3F
FC-MM-LS-25,MURGGCUCJZZKFQNG,FC-MM-LS-25,Inactive,307.0,https://www.flipkart.com/x/p/x?pid=MURGGCUCJZZKFQNG
FC-MU-CC-040,FCPH3ZZZZDGH9WY6,FC-MU-CC-040,Inactive,93.0,https://www.flipkart.com/x/p/x?pid=FCPH3ZZZZDGH9WY6
FC-MU-CC2-040,FCPGN4ABZS2BHFHA,FC-MU-CC2-040,Inactive,175.0,https://www.flipkart.com/x/p/x?pid=FCPGN4ABZS2BHFHA
FC-MU-RB-040,FCPH3ZZMA2CV9JCN,FC-MU-RB-040,Inactive,93.0,https://www.flipkart.com/x/p/x?pid=FCPH3ZZMA2CV9JCN
FC-MU-RB2-040,FCPGN4AB9TXETHZU,FC-MU-RB2-040,Inactive,175.0,https://www.flipkart.com/x/p/x?pid=FCPGN4AB9TXETHZU
FK-AHO-HA-150,HOLHA8F6XWZFHBGC,HR-SHO-HA-095,Active,567.0,https://www.flipkart.com/x/p/x?pid=HOLHA8F6XWZFHBGC
FK-AHO-TR-150,HOLHA8EF6DRKQZQF,HR-SHO-TL-095,Active,508.0,https://www.flipkart.com/x/p/x?pid=HOLHA8EF6DRKQZQF
FK-AOSC-HA-03,CBKHFF76A92XRYVS,FK-AOSC-HA-03,Active,1444.0,https://www.flipkart.com/x/p/x?pid=CBKHFF76A92XRYVS
FK-AOSC-TR-03,CBKHGZNEYZN9MHGE,HR-CN-CC2-150,Active,1359.0,https://www.flipkart.com/x/p/x?pid=CBKHGZNEYZN9MHGE
FK-BC-CP-CA2-190,HOLHE393MWSX4NHF,FK-BC-CP-CA2-190,Active,732.0,https://www.flipkart.com/x/p/x?pid=HOLHE393MWSX4NHF
FK-BC-CPS-NBLT-03,SOPHNGYGSV6FYCYJ,FK-BC-CPS-NBLT-03,Active,543.0,https://www.flipkart.com/x/p/x?pid=SOPHNGYGSV6FYCYJ
FK-BC-SM-CID2-120,MSCHHSVZ8KS8PNR4,FK-BC-SM-CID2-120,Active,862.0,https://www.flipkart.com/x/p/x?pid=MSCHHSVZ8KS8PNR4
FK-CB-BUPG-02,FCWHGVSH7DHBSY8D,FK-CB-CB-BUPG-002,Active,889.0,https://www.flipkart.com/x/p/x?pid=FCWHGVSH7DHBSY8D
FK-CB-GFLO-05,CBKHGMMDGCPCFFG4,FK-CB-GFLO-05,Active,1673.0,https://www.flipkart.com/x/p/x?pid=CBKHGMMDGCPCFFG4
FK-CB-GLAS-03,CBKHGKEE29QS6DWX,FK-CB-GLAS-03,Active,1146.0,https://www.flipkart.com/x/p/x?pid=CBKHGKEE29QS6DWX
CB-RA2-RHBO-02,HNAGYQ6J8WRHRZ9D,CB-RA2-RHBO-02,Active,815.0,https://www.flipkart.com/x/p/x?pid=HNAGYQ6J8WRHRZ9D
FK-CB-MPLU-05,CBKHGKD4YUXFTPWX,FK-CB-MPLU-05,Active,1506.0,https://www.flipkart.com/x/p/x?pid=CBKHGKD4YUXFTPWX
FK-CB-NMOC-03,CBKHGKEMYMZBU6UF,FK-CB-NMOC-03,Active,718.0,https://www.flipkart.com/x/p/x?pid=CBKHGKEMYMZBU6UF
FK-CB-OMRC-05,CBKHGKDGXFGMKYF3,FK-CB-OMRC-05,Active,1889.0,https://www.flipkart.com/x/p/x?pid=CBKHGKDGXFGMKYF3
FK-CB-OMRC-05,CBKHJPQFYYA6QGV5,FK-HR-CB-TRMC-05,Active,1889.0,https://www.flipkart.com/x/p/x?pid=CBKHJPQFYYA6QGV5
FK-CB-TVBM-04,CBKHGF5AXGGDAHTF,FK-CB-TVBM-04,Active,1427.0,https://www.flipkart.com/x/p/x?pid=CBKHGF5AXGGDAHTF
FK-FC-CB-GUBU-02,FCWHHUA2MGZ7GMSV,FK-FC-CB-GUBU-02,Active,951.0,https://www.flipkart.com/x/p/x?pid=FCWHHUA2MGZ7GMSV
FK-FC-CB-MOBU-02,FCWHHUCGS5JNVYKB,FK-FC-CB-MOBU-02,Active,728.0,https://www.flipkart.com/x/p/x?pid=FCWHHUCGS5JNVYKB
FK-FC-DM-PG2-030,MSCHHTTCKYMSDHZK,FK-FC-DM-PG2-030,Active,838.0,https://www.flipkart.com/x/p/x?pid=MSCHHTTCKYMSDHZK
FK-FW-BUPA2-150,FCWHHSPZ9XHHY2WH,FK-FC-FW-BUPA2-150,Active,940.0,https://www.flipkart.com/x/p/x?pid=FCWHHSPZ9XHHY2WH
FK-FC-FW-KMPA3-100,FCWHGY3NSHVCZ9DJ,FK-FC-FW-KMPA3-100,Active,864.0,https://www.flipkart.com/x/p/x?pid=FCWHGY3NSHVCZ9DJ
FK-FW-BUPA-150,FCWHA8F4TH3MGKVA,FC-FW-BUPA-095,Active,470.0,https://www.flipkart.com/x/p/x?pid=FCWHA8F4TH3MGKVA
FK-HR-CB-HB-03,CBKHJPQYHZ8JGQUU,FK-HR-CB-HB-03,Active,1277.0,https://www.flipkart.com/x/p/x?pid=CBKHJPQYHZ8JGQUU
FK-HR-CB-TRM-03,CBKHJPQFY7JR3FTA,FK-HR-CB-TRM-03,Active,1251.0,https://www.flipkart.com/x/p/x?pid=CBKHJPQFY7JR3FTA
FK-HR-HIP-IP-02,HNAHE38PECNRZ9TG,FK-HR-HIP-IP-02,Active,1016.0,https://www.flipkart.com/x/p/x?pid=HNAHE38PECNRZ9TG
FK-HR-HIP-IP-03,HNAHE38TAEWKTRT5,FK-HR-HIP-IP-03,Active,1524.0,https://www.flipkart.com/x/p/x?pid=HNAHE38TAEWKTRT5
FK-HR-HIP-IP-125,HNAHDBN6GDCZRHH2,HR-HIP-IP-125,Active,508.0,https://www.flipkart.com/x/p/x?pid=HNAHDBN6GDCZRHH2
FK-HR-SH-TR-100,SMPHH5MJT4A8EYZZ,HR-SH-TR-100,Active,199.0,https://www.flipkart.com/x/p/x?pid=SMPHH5MJT4A8EYZZ
FK-SHCN-HB-02,CBKHFF72V5KJHKRU,FK-SHCN-HB-02,Active,877.0,https://www.flipkart.com/x/p/x?pid=CBKHFF72V5KJHKRU
FK-SH-HB-300,SMPHA8DZCWSGGKZR,HR-SH-HB-240,Active,518.0,https://www.flipkart.com/x/p/x?pid=SMPHA8DZCWSGGKZR
FK-SH-TR-300,SMPHA8EYHFV5KANG,HR-SH-TR-240,Active,504.0,https://www.flipkart.com/x/p/x?pid=SMPHA8EYHFV5KANG
CB-RA2-RMJ-02,CBKHYYGFZGFFGY53,CB-RA2-RMJ-02,Inactive,821.0,https://www.flipkart.com/x/p/x?pid=CBKHYYGFZGFFGY53
CB-RA2-RMRN-03,HNAGV2TEHVWRZUG2,CB-RA2-RMRN-03,Active,751.0,https://www.flipkart.com/x/p/x?pid=HNAGV2TEHVWRZUG2
CB-RA2-RNHB-03,HNAGVHKS6DRKPPSG,CB-RA2-RNHB-03,Active,572.0,https://www.flipkart.com/x/p/x?pid=HNAGVHKS6DRKPPSG
CB-RA2-RNHB-03,MEHGYRB6ZQPYGWHR,CB-RA2-RNHB-03-N,Active,572.0,https://www.flipkart.com/x/p/x?pid=MEHGYRB6ZQPYGWHR
FT-PFU-3P-040,PDKGGZYFJZXFT3QB,FT-PFU-3P-040,Inactive,142.0,https://www.flipkart.com/x/p/x?pid=PDKGGZYFJZXFT3QB
FT-PFU-3P2-040,PDKGGZYFHQHYKTQP,FT-PFU-3P2-040,Active,283.0,https://www.flipkart.com/x/p/x?pid=PDKGGZYFHQHYKTQP
FT-PFU-BC-040,PDKGGZYFASZ4FF66,FT-PFU-BC-040,Inactive,142.0,https://www.flipkart.com/x/p/x?pid=PDKGGZYFASZ4FF66
FT-PFU-BC2-040,PDKGGZYFSA2HYJDR,FT-PFU-BC2-040,Inactive,283.0,https://www.flipkart.com/x/p/x?pid=PDKGGZYFSA2HYJDR
FT-PFU-GK-040,PDKGGZYFTQZBHVCQ,FT-PFU-GK-040,Active,136.0,https://www.flipkart.com/x/p/x?pid=PDKGGZYFTQZBHVCQ
FT-PFU-GK2-040,PDKGGZY6RDQJHQTG,FT-PFU-GK2-040,Active,271.0,https://www.flipkart.com/x/p/x?pid=PDKGGZY6RDQJHQTG
FT-PFU-TO-040,PDKGGZYF3AHGHRNX,FT-PFU-TO-040,Inactive,136.0,https://www.flipkart.com/x/p/x?pid=PDKGGZYF3AHGHRNX
FT-PFU-TO2-040,PDKGGZYFAS2JND3Y,FT-PFU-TO2-040,Inactive,271.0,https://www.flipkart.com/x/p/x?pid=PDKGGZYFAS2JND3Y
HR-AHO-CC-100,HOLHAW3CHDFHDUUF,HR-AHO-CC-100,Active,376.0,https://www.flipkart.com/x/p/x?pid=HOLHAW3CHDFHDUUF
HR-AHO-CC-200,HOLHAWYJKYTV4CWF,HR-AHO-CC-200,Active,655.0,https://www.flipkart.com/x/p/x?pid=HOLHAWYJKYTV4CWF
HR-AHO-OA-100,HOLHAW36XRAVVJJM,HR-AHO-OA-100,Active,376.0,https://www.flipkart.com/x/p/x?pid=HOLHAW36XRAVVJJM
HR-AHO-OA-200,HOLHAWZVN7ZDCSFY,HR-AHO-OA-200,Active,655.0,https://www.flipkart.com/x/p/x?pid=HOLHAWZVN7ZDCSFY
CB-RA2-RNTL-03,HNAGVGHZNRE2T7VA,CB-RA2-RNTL-03,Active,554.0,https://www.flipkart.com/x/p/x?pid=HNAGVGHZNRE2T7VA
HR-CN-AP-150,CNDH3YHS5GQJEMJA,HR-CN-AP-150,Active,347.0,https://www.flipkart.com/x/p/x?pid=CNDH3YHS5GQJEMJA
HR-CN-AP2-150,CNDH4FGSHUDUXYTH,HR-CN-AP2-150,Active,694.0,https://www.flipkart.com/x/p/x?pid=CNDH4FGSHUDUXYTH
HR-CN-CB-150,CNDH3YHSEMT5MAVH,HR-CN-CB-150,Active,347.0,https://www.flipkart.com/x/p/x?pid=CNDH3YHSEMT5MAVH
HR-CN-CB2-150,CNDH4FGDMRPWRGXW,HR-CN-CB2-150,Active,694.0,https://www.flipkart.com/x/p/x?pid=CNDH4FGDMRPWRGXW
HR-CN-CC-150,CNDH3YHS2R2YGB5N,HR-CN-CC-150,Active,340.0,https://www.flipkart.com/x/p/x?pid=CNDH3YHS2R2YGB5N
HR-CN-CC2-150,CNDH4FGDNHPCSAAM,HR-CN-CC2-150,Active,680.0,https://www.flipkart.com/x/p/x?pid=CNDH4FGDNHPCSAAM
HR-CN-HB-140,CNDHA8EYHHUY4R3E,HR-CN-HB-140,Inactive,386.0,https://www.flipkart.com/x/p/x?pid=CNDHA8EYHHUY4R3E
HR-CN-HB-150,CNDH3YHSMMFNZZXB,HR-CN-HB-150,Active,359.0,https://www.flipkart.com/x/p/x?pid=CNDH3YHSMMFNZZXB
HR-CN-HB2-150,CNDH4FGDGDHWSDDG,HR-CN-HB2-150,Active,718.0,https://www.flipkart.com/x/p/x?pid=CNDH4FGDGDHWSDDG
HR-CN-TR-140,CNDHA8DZFTFREN3H,HR-CN-TR-140,Inactive,374.0,https://www.flipkart.com/x/p/x?pid=CNDHA8DZFTFREN3H
HR-CN-TR-150,CNDH3YHSXGZDTXPF,HR-CN-TR-150,Active,347.0,https://www.flipkart.com/x/p/x?pid=CNDH3YHSXGZDTXPF
HR-CN-TR2-150,CNDH4FGDTBSGERAK,HR-CN-TR2-150,Active,694.0,https://www.flipkart.com/x/p/x?pid=CNDH4FGDTBSGERAK
HR-HB-AG-025,HSYG9JGHFXFFPUAM,HR-HB-AG-025,Active,365.0,https://www.flipkart.com/x/p/x?pid=HSYG9JGHFXFFPUAM
HR-HB-AM-025,HSYG9JGXBUXYH2KE,HR-HB-AM-025,Active,365.0,https://www.flipkart.com/x/p/x?pid=HSYG9JGXBUXYH2KE
HR-HB-HB-025,HSYG9KE4EZKM3K47,HR-HB-HB-025,Active,388.0,https://www.flipkart.com/x/p/x?pid=HSYG9KE4EZKM3K47
CB-RA2-RPA-02,CBKHYYGF5SRFZCBR,CB-RA2-RPA-02,Active,662.0,https://www.flipkart.com/x/p/x?pid=CBKHYYGF5SRFZCBR
CB-RA2-RRT-03,CBKHYYGFTGSHYQZX,CB-RA2-RRT-03,Active,621.0,https://www.flipkart.com/x/p/x?pid=CBKHYYGFTGSHYQZX
CB-RA2-RTK-02,CBKHYYGFSTUHGVFQ,CB-RA2-RTK-02,Inactive,671.0,https://www.flipkart.com/x/p/x?pid=CBKHYYGFSTUHGVFQ
FK-CB-HIO-03,CBKHGGY6CHHSUMQP,FK-CB-HIO-03-D,Active,1136.0,https://www.flipkart.com/x/p/x?pid=CBKHGGY6CHHSUMQP
FK-CB-IP-RA-03,HNAHEGPHGFMDBX9W,FK-CB-IP-RA-03,Active,929.0,https://www.flipkart.com/x/p/x?pid=HNAHEGPHGFMDBX9W
FT-FS-CL2-050,BSLGGFZN9EUWJ2A4,FT-FS-CL2-050,Active,201.0,https://www.flipkart.com/x/p/x?pid=BSLGGFZN9EUWJ2A4
FT-FS-CL4-050,BSLGRG5EQWADGY4R,FT-FS-CL4-050,Active,401.0,https://www.flipkart.com/x/p/x?pid=BSLGRG5EQWADGY4R
FT-FS-CR2-050,BSLGGFZNA4KCTYTG,FT-FS-CR2-050,Active,201.0,https://www.flipkart.com/x/p/x?pid=BSLGGFZNA4KCTYTG
HR-HIP-IP-170,HNAH8UNWTGZUTJFG,HR-HIP-IP-170,Active,691.0,https://www.flipkart.com/x/p/x?pid=HNAH8UNWTGZUTJFG
HR-HIP-IP3-85,HNAHAY4PBWBWXCPH,HR-HIP-IP3-85,Inactive,1038.0,https://www.flipkart.com/x/p/x?pid=HNAHAY4PBWBWXCPH
HR-HIP-IP-500,HNAH9299GZ6MPRG9,HR-HIP-IP-500,Inactive,1729.0,https://www.flipkart.com/x/p/x?pid=HNAH9299GZ6MPRG9
HR-HIP-IP-85,HNAH8UNWYEKQRHUK,HR-HIP-IP-85,Active,346.0,https://www.flipkart.com/x/p/x?pid=HNAH8UNWYEKQRHUK
HR-HO-CS-100,HOLGHSHKQFHSAVJC,HR-HO-CS-100-M,Active,382.0,https://www.flipkart.com/x/p/x?pid=HOLGHSHKQFHSAVJC
HR-HO-HA-100,HOLGHTPTVM5HBPQJ,HR-HO-HA-100,Active,394.0,https://www.flipkart.com/x/p/x?pid=HOLGHTPTVM5HBPQJ
HR-HO-MR-100,HOLGHSHZMHRBHEHD,HR-HO-MR-100,Active,394.0,https://www.flipkart.com/x/p/x?pid=HOLGHSHZMHRBHEHD
HR-HO-NB-100,HOLGHSHNZTTYSJRF,HR-HO-NB-100,Inactive,353.0,https://www.flipkart.com/x/p/x?pid=HOLGHSHNZTTYSJRF
HR-HO-OA-100,HTTGEYD3YRHUHWE8,HR-HO-OA-100,Inactive,376.0,https://www.flipkart.com/x/p/x?pid=HTTGEYD3YRHUHWE8
HR-HO-SM-100,HOLGHSHDCRPHG6EK,HR-HO-SM-100,Inactive,433.0,https://www.flipkart.com/x/p/x?pid=HOLGHSHDCRPHG6EK
HR-HO-TL-100,HOLGHSKBJ5QGKPA7,HR-HO-TL-100,Active,353.0,https://www.flipkart.com/x/p/x?pid=HOLGHSKBJ5QGKPA7
HR-MJ-CH-200,HSMG9JHRGGYBB8MN,HR-MJ-CH-200,Inactive,516.0,https://www.flipkart.com/x/p/x?pid=HSMG9JHRGGYBB8MN
HR-MJ-GT-200,HSMG9K2GFTQFJPSH,HR-MJ-GT-200,Active,435.0,https://www.flipkart.com/x/p/x?pid=HSMG9K2GFTQFJPSH
HR-MJ-RM-200,HSMG9K2PVZEZ6UVB,HR-MJ-RM-200,Inactive,400.0,https://www.flipkart.com/x/p/x?pid=HSMG9K2PVZEZ6UVB
HR-MJ-RO-200,HSMG9K2UMPZCMDTD,HR-MJ-RO-200,Inactive,400.0,https://www.flipkart.com/x/p/x?pid=HSMG9K2UMPZCMDTD
HR-NJ-HJ-200,HSMHJGPECYE6DQKA,HR-NJ-HJ-200,Active,400.0,https://www.flipkart.com/x/p/x?pid=HSMHJGPECYE6DQKA
HR-NJ-MJ-200,HSMHJGPGJEZHZZTG,HR-NJ-MJ-200,Active,400.0,https://www.flipkart.com/x/p/x?pid=HSMHJGPGJEZHZZTG
HR-NJ-RJ-200,HTTHYKRH2PHGQGNZ,HR-MJ-RM-200-D,Active,400.0,https://www.flipkart.com/x/p/x?pid=HTTHYKRH2PHGQGNZ
HR-NJ-RJ-200,HSMHJGPERNGXEZFC,HR-NJ-RJ-200,Active,400.0,https://www.flipkart.com/x/p/x?pid=HSMHJGPERNGXEZFC
HR-NM-CM-040,HTTG9K33VT5DFV9H,HR-NM-CM-040,Inactive,148.0,https://www.flipkart.com/x/p/x?pid=HTTG9K33VT5DFV9H
HR-NM-CM2-040,CNDGGQN8VDF7MYXB,HR-NM-CM2-040,Active,295.0,https://www.flipkart.com/x/p/x?pid=CNDGGQN8VDF7MYXB
HR-NM-CM3-040,HTTG9KG4HZND2Y63,HR-NM-CM3-040,Active,444.0,https://www.flipkart.com/x/p/x?pid=HTTG9KG4HZND2Y63
HR-NM-CS-040,HTTG9K3ER4N6ABA5,HR-NM-CS-040,Active,148.0,https://www.flipkart.com/x/p/x?pid=HTTG9K3ER4N6ABA5
HR-NM-CS2-040,CNDGGQN8VZFSDSHH,HR-NM-CS2-040,Active,295.0,https://www.flipkart.com/x/p/x?pid=CNDGGQN8VZFSDSHH
HR-NM-CS3-040,HTTG9KG4FHAZU2GA,HR-NM-CS3-040,Active,444.0,https://www.flipkart.com/x/p/x?pid=HTTG9KG4FHAZU2GA
HR-NM-HB-040,HTTG9BRDUJRTDEY7,HR-NM-HB-040,Active,148.0,https://www.flipkart.com/x/p/x?pid=HTTG9BRDUJRTDEY7
HR-NM-HB2-040,CNDGGQN8XPZGRFSH,HR-NM-HB2-040,Active,295.0,https://www.flipkart.com/x/p/x?pid=CNDGGQN8XPZGRFSH
HR-NM-HB3-040,HTTG9KG4VJAUZXYR,HR-NM-HB3-040,Active,444.0,https://www.flipkart.com/x/p/x?pid=HTTG9KG4VJAUZXYR
HR-NM-HB4-040,HTTGVGGRPHZTBGDA,HR-NM-HB4-040,Active,592.0,https://www.flipkart.com/x/p/x?pid=HTTGVGGRPHZTBGDA
HR-NM-MR-040,HTTG9K3ZHC5YUND4,HR-NM-MR-040,Active,165.0,https://www.flipkart.com/x/p/x?pid=HTTG9K3ZHC5YUND4
HR-NM-MR2-040,CNDGGQN89YFCSWYF,HR-NM-MR2-040,Active,330.0,https://www.flipkart.com/x/p/x?pid=CNDGGQN89YFCSWYF
HR-NM-MR3-040,HTTG9KG4WK3RYYZR,HR-NM-MR3-040,Active,495.0,https://www.flipkart.com/x/p/x?pid=HTTG9KG4WK3RYYZR
HR-NM-NB-040,HTTG9K48GGPB2TUY,HR-NM-NB-040,Active,130.0,https://www.flipkart.com/x/p/x?pid=HTTG9K48GGPB2TUY
HR-NM-NB2-040,CNDGGQN8BRBQRNTZ,HR-NM-NB2-040,Active,260.0,https://www.flipkart.com/x/p/x?pid=CNDGGQN8BRBQRNTZ
HR-NM-NB3-040,HTTG9KG4SWREPW58,HR-NM-NB3-040,Active,390.0,https://www.flipkart.com/x/p/x?pid=HTTG9KG4SWREPW58
HR-NM-TL-040,HTTG9K66B8JZFCB7,HR-NM-TL-040,Active,130.0,https://www.flipkart.com/x/p/x?pid=HTTG9K66B8JZFCB7
HR-NM-TL2-040,CNDGGQN8XZJPUF3R,HR-NM-TL2-040,Active,260.0,https://www.flipkart.com/x/p/x?pid=CNDGGQN8XZJPUF3R
HR-NM-TL3-040,HTTG9KG4HH99DDXQ,HR-NM-TL3-040,Active,390.0,https://www.flipkart.com/x/p/x?pid=HTTG9KG4HH99DDXQ
HR-NM-TL4-040,HTTGVGGPNNGQB32Z,HR-NM-TL4-040,Active,520.0,https://www.flipkart.com/x/p/x?pid=HTTGVGGPNNGQB32Z
HR-PHO-SB-050,HNAH7P94MGM8YWDV,HR-PHO-SB-050,Active,207.0,https://www.flipkart.com/x/p/x?pid=HNAH7P94MGM8YWDV
HR-SH-AP2-250,SMPHFSY7XFSTG2BC,HR-SH-AP2-02,Active,838.0,https://www.flipkart.com/x/p/x?pid=SMPHFSY7XFSTG2BC
HR-SH-AP-250,SMPHFSY7H3AW8Y3V,HR-SH-AP-250,Active,419.0,https://www.flipkart.com/x/p/x?pid=SMPHFSY7H3AW8Y3V
HR-SH-APAP-02,CBKH3FP6DZGZWJFN,HR-SH-APAP-02,Active,766.0,https://www.flipkart.com/x/p/x?pid=CBKH3FP6DZGZWJFN
HR-SH-CB2-250,SMPHFSY6TZCRY5GC,HR-SH-CB2-02,Active,838.0,https://www.flipkart.com/x/p/x?pid=SMPHFSY6TZCRY5GC
HR-SH-CB-250,SMPHFSY6FSPQ5D6F,HR-SH-CB-250,Active,419.0,https://www.flipkart.com/x/p/x?pid=SMPHFSY6FSPQ5D6F
HR-SH-CBCB-02,CBKH3FP43YXHN5YH,HR-SH-CBCB-02,Active,766.0,https://www.flipkart.com/x/p/x?pid=CBKH3FP43YXHN5YH
HR-SH-CC2-250,SMPHFSYDBKGHPUCH,HR-SH-CC2-02,Active,822.0,https://www.flipkart.com/x/p/x?pid=SMPHFSYDBKGHPUCH
HR-SH-CC-250,SMPHFSYDBRGQFFN4,HR-SH-CC-250,Active,411.0,https://www.flipkart.com/x/p/x?pid=SMPHFSYDBRGQFFN4
HR-SH-CCCC-02,CBKH3FP3ASFGW6A9,HR-SH-CCCC-02,Active,751.0,https://www.flipkart.com/x/p/x?pid=CBKH3FP3ASFGW6A9
HR-SH-HB2-250,SMPHFSY8V8PHVHHR,HR-SH-HB2-02,Active,862.0,https://www.flipkart.com/x/p/x?pid=SMPHFSY8V8PHVHHR
HR-SH-HB-250,SMPHFSY8NGZCHV95,HR-SH-HB-250,Active,431.0,https://www.flipkart.com/x/p/x?pid=SMPHFSY8NGZCHV95
HR-SH-HB-250,HTTH2HEZBCZF5DG5,HR-SH-HB-250-D,Inactive,431.0,https://www.flipkart.com/x/p/x?pid=HTTH2HEZBCZF5DG5
HR-SH-HB-650,SMPHG566WQWZSJGV,HR-SH-HB-650,Active,1012.0,https://www.flipkart.com/x/p/x?pid=SMPHG566WQWZSJGV
HR-SH-HBHB-02,CBKH3FP4J4VHQBST,HR-SH-HBHB-02,Active,790.0,https://www.flipkart.com/x/p/x?pid=CBKH3FP4J4VHQBST
HR-SH-NB-250,SMPHHFHVSJ4A6HC5,HR-SH-NB-250,Active,525.0,https://www.flipkart.com/x/p/x?pid=SMPHHFHVSJ4A6HC5
HR-SHO-CS-100,HOLGHTZGFNBWPARH,HR-SHO-CS-100,Active,382.0,https://www.flipkart.com/x/p/x?pid=HOLGHTZGFNBWPARH
HR-SHO-CS-200,HOLGHTZZFNCHJNHM,HHR-SHO-CS-200,Inactive,673.0,https://www.flipkart.com/x/p/x?pid=HOLGHTZZFNCHJNHM
HR-SHO-HA-100,HOLG9JH5KRTAZ9GF,HR-SHO-HA-100,Active,394.0,https://www.flipkart.com/x/p/x?pid=HOLG9JH5KRTAZ9GF
HR-SHO-HA-200,HOLG9JH6KKMR67KX,HR-SHO-HA-200,Active,696.0,https://www.flipkart.com/x/p/x?pid=HOLG9JH6KKMR67KX
HR-SHO-HA3-100,HOLGVG8EE4HJAGBK,HR-SHO-HA3-100,Active,1182.0,https://www.flipkart.com/x/p/x?pid=HOLGVG8EE4HJAGBK
HR-SHO-HA4-100,HOLGWF84J5YJDUQS,HR-SHO-HA4-100,Inactive,1576.0,https://www.flipkart.com/x/p/x?pid=HOLGWF84J5YJDUQS
HR-SHO-HATL-02,HOLGVHRQMB9W2F5K,HR-SHO-HATL-02,Active,747.0,https://www.flipkart.com/x/p/x?pid=HOLGVHRQMB9W2F5K
HR-SHO-MR-100,HOLG9JH3BRS98ZTH,HR-SHO-MR-100,Active,394.0,https://www.flipkart.com/x/p/x?pid=HOLG9JH3BRS98ZTH
HR-SHO-MR-200,HOLG9JH3XT3EMNFH,HR-SHO-MR-200,Active,696.0,https://www.flipkart.com/x/p/x?pid=HOLG9JH3XT3EMNFH
HR-SHO-NB-100,HOLGHTNAG5GSTZU4,HR-SHO-NB-100,Active,353.0,https://www.flipkart.com/x/p/x?pid=HOLGHTNAG5GSTZU4
HR-SHO-NB-200,HOLG9JH2EYFWYT38,HR-SHO-NB-200,Active,610.0,https://www.flipkart.com/x/p/x?pid=HOLG9JH2EYFWYT38
HR-SHO-OA-100,HTTGEYD4UVRNSHKB,HR-SHO-OA-100,Inactive,447.0,https://www.flipkart.com/x/p/x?pid=HTTGEYD4UVRNSHKB
HR-SHO-OA-200,HOLGE2ZFXFAAMBBZ,HR-SHO-OA-200,Inactive,734.0,https://www.flipkart.com/x/p/x?pid=HOLGE2ZFXFAAMBBZ
HR-SHO-SM-100,HOLG9JH2TQJ7XYYY,HR-SHO-SM-100,Inactive,433.0,https://www.flipkart.com/x/p/x?pid=HOLG9JH2TQJ7XYYY
HR-SHO-SM-200,HOLG9JH3PGKTHGBM,HR-SHO-SM-200,Inactive,774.0,https://www.flipkart.com/x/p/x?pid=HOLG9JH3PGKTHGBM
HR-SHO-TL-100,HOLG9KFYHCYRWDFX,HR-SHO-TL-100,Active,353.0,https://www.flipkart.com/x/p/x?pid=HOLG9KFYHCYRWDFX
HR-SHO-TL-200,HOLG9KFYPFHBGYFY,HR-SHO-TL-200,Active,610.0,https://www.flipkart.com/x/p/x?pid=HOLG9KFYPFHBGYFY
HR-SHO-TL2-200,HOLHE2JXJEYYF3XF,HR-SHO-TL2-200,Active,1220.0,https://www.flipkart.com/x/p/x?pid=HOLHE2JXJEYYF3XF
HR-SHO-TL3-100,HOLGVG8EYF8HXGJX,HR-SHO-TL3-100,Active,1059.0,https://www.flipkart.com/x/p/x?pid=HOLGVG8EYF8HXGJX
HR-SHO-TL4-100,HOLGWF84FHHDJZMN,HR-SHO-TL4-100,Inactive,1412.0,https://www.flipkart.com/x/p/x?pid=HOLGWF84FHHDJZMN
HR-SH-TR2-250,SMPHFSYRHEGFPXQC,HR-SH-TR2-02,Active,838.0,https://www.flipkart.com/x/p/x?pid=SMPHFSYRHEGFPXQC
HR-SH-TR-250,SMPHFSYRYNHGGS4M,HR-SH-TR-250,Active,419.0,https://www.flipkart.com/x/p/x?pid=SMPHFSYRYNHGGS4M
HR-SH-TR-650,SMPHG56ZTWSXTGG4,HR-SH-TR-650,Active,984.0,https://www.flipkart.com/x/p/x?pid=SMPHG56ZTWSXTGG4
HR-SH-TRTR-02,CBKH3FP6PJHWFT5S,HR-SH-TRTR-02,Active,766.0,https://www.flipkart.com/x/p/x?pid=CBKH3FP6PJHWFT5S
LP-LB-BC-010,LPBG9JKTSNHGPWT3,LP-LB-BC-010,Active,330.0,https://www.flipkart.com/x/p/x?pid=LPBG9JKTSNHGPWT3
LP-LB-BC2-010,LPBGZH84GNJGV6BH,LP-LB-BC2-010,Active,661.0,https://www.flipkart.com/x/p/x?pid=LPBGZH84GNJGV6BH
LP-LB-BC4-010,LPBGWF5TPQGSHUKH,LP-LB-BC4-010,Inactive,1322.0,https://www.flipkart.com/x/p/x?pid=LPBGWF5TPQGSHUKH
LP-LB-BC8-010,LPBGWF5T8SZKNAZT,LP-LB-BC8-010,Inactive,2643.0,https://www.flipkart.com/x/p/x?pid=LPBGWF5T8SZKNAZT
LP-LB-BG-010,LPBG9JH454NZ5BEN,LP-LB-BG-010,Active,260.0,https://www.flipkart.com/x/p/x?pid=LPBG9JH454NZ5BEN
LP-LB-BG2-010,LPBGZH84CF4ZBERQ,LP-LB-BG2-010,Active,519.0,https://www.flipkart.com/x/p/x?pid=LPBGZH84CF4ZBERQ
LP-LB-KH-010,LPBG9JHFRUTHRNEH,LP-LB-KH-010,Active,312.0,https://www.flipkart.com/x/p/x?pid=LPBG9JHFRUTHRNEH
LP-LB-KH2-010,LPBGZH84CVKSGX3F,LP-LB-KH2-010,Active,623.0,https://www.flipkart.com/x/p/x?pid=LPBGZH84CVKSGX3F
LP-LB-LL-010,LPBG9KEPATX34NAQ,LP-LB-LL-010,Inactive,236.0,https://www.flipkart.com/x/p/x?pid=LPBG9KEPATX34NAQ
LP-LB-LL2-010,LPBGZH84KVZG6H4G,LP-LB-LL2-010,Inactive,472.0,https://www.flipkart.com/x/p/x?pid=LPBGZH84KVZG6H4G
LP-LB-MR-010,LPBG9JKUS8YRXHF2,LP-LB-MR-010,Active,283.0,https://www.flipkart.com/x/p/x?pid=LPBG9JKUS8YRXHF2
LP-LB-MR2-010,LPBGZH845XEWRTTT,LP-LB-MR2-010,Active,566.0,https://www.flipkart.com/x/p/x?pid=LPBGZH845XEWRTTT
LP-LB-OM-010,LPBG9JKVGVBGEW2Z,LP-LB-OM-010,Active,312.0,https://www.flipkart.com/x/p/x?pid=LPBG9JKVGVBGEW2Z
LP-LB-OM2-010,LPBGZH84JWYNZZWF,LP-LB-OM2-010,Active,623.0,https://www.flipkart.com/x/p/x?pid=LPBGZH84JWYNZZWF
LP-LB-PR-010,LPBG9JKUAWGKKKST,LP-LB-PR-010,Active,312.0,https://www.flipkart.com/x/p/x?pid=LPBG9JKUAWGKKKST
LP-LB-PR2-010,LPBGZH84NG8NQYHH,LP-LB-PR2-010,Active,623.0,https://www.flipkart.com/x/p/x?pid=LPBGZH84NG8NQYHH
LP-LM-BR-012,LPBGEY6DYY3TWGGN,LP-LM-BR-012,Active,303.0,https://www.flipkart.com/x/p/x?pid=LPBGEY6DYY3TWGGN
LP-LM-BR-020,LPBGEY6E3JTMHT5U,LP-LM-BR-020,Active,405.0,https://www.flipkart.com/x/p/x?pid=LPBGEY6E3JTMHT5U
LP-LM-CC-012,LPBGDW2GKAHHA3VP,LP-LM-CC-012,Inactive,303.0,https://www.flipkart.com/x/p/x?pid=LPBGDW2GKAHHA3VP
LP-LM-CC-020,LPBGDW2DJEYYZF93,LP-LM-CC-020,Inactive,405.0,https://www.flipkart.com/x/p/x?pid=LPBGDW2DJEYYZF93
LP-LM-SC-012,LPBGDW2EER2QHSD2,LP-LM-SC-012,Active,339.0,https://www.flipkart.com/x/p/x?pid=LPBGDW2EER2QHSD2
LP-LM-SC-020,LPBGDW2DWUW2KG2B,LP-LM-SC-020,Active,452.0,https://www.flipkart.com/x/p/x?pid=LPBGDW2DWUW2KG2B
LP-LM-ZO-012,LPBGDW2DWTZVBZDT,LP-LM-ZO-012,Active,268.0,https://www.flipkart.com/x/p/x?pid=LPBGDW2DWTZVBZDT
LP-LM-ZO-020,LPBGDW2D4XKJNYFJ,LP-LM-ZO-020,Active,358.0,https://www.flipkart.com/x/p/x?pid=LPBGDW2D4XKJNYFJ
RL-FC-FW-BUPA-050,FCWHJZGSGWCNGRQQ,FC-FW-BUPA-050,Inactive,135.0,https://www.flipkart.com/x/p/x?pid=FCWHJZGSGWCNGRQQ
SL-GR-GP-050,HCOH937FUFKCJBFN,SL-GR-GP-050,Active,112.0,https://www.flipkart.com/x/p/x?pid=HCOH937FUFKCJBFN
SL-GR-GP2-050,HCOGN4YZ6MH35UHJ,SL-GR-GP2-050,Active,224.0,https://www.flipkart.com/x/p/x?pid=HCOGN4YZ6MH35UHJ
SL-GR-GP2-050,HCOGN36FH9AYQSCH,SL-GR-GP2-050,Active,224.0,https://www.flipkart.com/x/p/x?pid=HCOGN36FH9AYQSCH
SL-GR-GPN2-200,HCOHK8GT7JUGMQ54,SL-GR-GPN2-200,Active,448.0,https://www.flipkart.com/x/p/x?pid=HCOHK8GT7JUGMQ54
SL-GR-GPNM-050,HCOGY2K7KZKHWAGV,SL-GR-GPNM-050,Active,224.0,https://www.flipkart.com/x/p/x?pid=HCOGY2K7KZKHWAGV
SL-GR-JJ-050,HCOH937FND3CXFFG,SL-GR-JJ-050,Active,112.0,https://www.flipkart.com/x/p/x?pid=HCOH937FND3CXFFG
SL-GR-JJ2-050,HCOGYQYDKFAC4B4D,SL-GR-JJ2-050,Active,224.0,https://www.flipkart.com/x/p/x?pid=HCOGYQYDKFAC4B4D
SL-GR-JJGP-050,HCOGYHGCJGYNJCKB,SL-GR-JJGP-050,Active,224.0,https://www.flipkart.com/x/p/x?pid=HCOGYHGCJGYNJCKB
SL-GR-JJMC050,HCOGYPYDFEMQGFQ6,SL-GR-JJMC050,Inactive,224.0,https://www.flipkart.com/x/p/x?pid=HCOGYPYDFEMQGFQ6
SL-GR-JJNM050,HCOGYQYDYZY79JYK,SL-GR-JJNM050,Inactive,224.0,https://www.flipkart.com/x/p/x?pid=HCOGYQYDYZY79JYK
SL-GR-MC-050,HCOH937FJHYBV5EA,SL-GR-MC-050,Active,112.0,https://www.flipkart.com/x/p/x?pid=HCOH937FJHYBV5EA
SL-GR-MC2-050,HCOGN4F6URG6S7J5,SL-GR-MC2-050,Active,224.0,https://www.flipkart.com/x/p/x?pid=HCOGN4F6URG6S7J5
SL-GR-MCG2-200,HCOHK8GTWEP4XGGA,SL-GR-MCG2-200,Active,448.0,https://www.flipkart.com/x/p/x?pid=HCOHK8GTWEP4XGGA
SL-GR-MCGP-050,HCOGN35EGH4ZZQYD,SL-GR-MCGP-050,Active,224.0,https://www.flipkart.com/x/p/x?pid=HCOGN35EGH4ZZQYD
SL-GR-MCN2-200,HCOGN358RRSCWUDH,SL-GR-MCN2-200,Inactive,448.0,https://www.flipkart.com/x/p/x?pid=HCOGN358RRSCWUDH
SL-GR-MCNM-050,HCOGN357TAZCUXHN,SL-GR-MCNM-050,Active,224.0,https://www.flipkart.com/x/p/x?pid=HCOGN357TAZCUXHN
SL-GR-NM-050,HCOH937F9UWUQHUN,SL-GR-NM-050,Active,112.0,https://www.flipkart.com/x/p/x?pid=HCOH937F9UWUQHUN
SL-GR-NM2-050,HCOGN43EUSBQH5UD,SL-GR-NM2-050,Active,224.0,https://www.flipkart.com/x/p/x?pid=HCOGN43EUSBQH5UD
SL-GR-NM2-050,HCOGN35AWSSHWE46,SL-GR-NM2-050,Active,224.0,https://www.flipkart.com/x/p/x?pid=HCOGN35AWSSHWE46
SL-GR-NMJJMCGP-050,HCOGY2K7GZ68KMEC,SL-GR-NMJJMCGP-050,Active,448.0,https://www.flipkart.com/x/p/x?pid=HCOGY2K7GZ68KMEC
SL-GR-RB2-400,HCOH95PHHGSAJHYZ,SL-GR-RB2-800,Inactive,812.0,https://www.flipkart.com/x/p/x?pid=HCOH95PHHGSAJHYZ
SL-GR-RB2-400,HCOGN37UDTHBNGBC,SL-GR-RB2-400,Inactive,812.0,https://www.flipkart.com/x/p/x?pid=HCOGN37UDTHBNGBC
SL-GR-TC2-050,HCOGN4F9DUYT9ZNH,SL-GR-TC2-050,Inactive,168.0,https://www.flipkart.com/x/p/x?pid=HCOGN4F9DUYT9ZNH
SL-GR-TC2-050,HCOGN35MFD2ZY2TM,SL-GR-TC2-050,Inactive,168.0,https://www.flipkart.com/x/p/x?pid=HCOGN35MFD2ZY2TM
SL-GR-TCG2-200,HCOGN34YAFHXZAV2,SL-GR-TCG2-200,Inactive,371.0,https://www.flipkart.com/x/p/x?pid=HCOGN34YAFHXZAV2
SL-PC-AG2-070,CANGUEFQWJJHBWVZ,SL-PC-AG2-070,Inactive,341.0,https://www.flipkart.com/x/p/x?pid=CANGUEFQWJJHBWVZ
SL-PC-CB-090,SCLGUEGSDPCJ4J5Z,SL-PC-CB-090,Inactive,376.0,https://www.flipkart.com/x/p/x?pid=SCLGUEGSDPCJ4J5Z
SL-PC-CB2-090,CANGGVYV4JQGHZUH,SL-PC-CB2-090,Inactive,729.0,https://www.flipkart.com/x/p/x?pid=CANGGVYV4JQGHZUH
SL-PC-JH2-090,CANGGVYVQFUQAWZP,SL-PC-JH2-090,Inactive,686.0,https://www.flipkart.com/x/p/x?pid=CANGGVYVQFUQAWZP
SL-PC-LC-090,CANH59EXWPYYQ89Z,SL-PC-LC-090,Inactive,376.0,https://www.flipkart.com/x/p/x?pid=CANH59EXWPYYQ89Z
SL-PC-MS2-070,CANGUEFQUABTQEGU,SL-PC-MS2-070,Inactive,341.0,https://www.flipkart.com/x/p/x?pid=CANGUEFQUABTQEGU
SL-PC-NL2-070,CANGUEFQDHCJGH7U,SL-PC-NL2-070,Inactive,341.0,https://www.flipkart.com/x/p/x?pid=CANGUEFQDHCJGH7U
SL-PC-SN2-070,CANGUEFQCYRJSQTF,SL-PC-SN2-070,Inactive,341.0,https://www.flipkart.com/x/p/x?pid=CANGUEFQCYRJSQTF
FT-FS-CR4-050,BSLGRG5EBGZVG97Z,FT-FS-CR4-050,Active,401.0,https://www.flipkart.com/x/p/x?pid=BSLGRG5EBGZVG97Z
FT-FS-LU2-050,BSLGGFZQTXZ9KMQR,FT-FS-LU2-050,Active,201.0,https://www.flipkart.com/x/p/x?pid=BSLGGFZQTXZ9KMQR
FT-FS-LU4-050,BSLGRG5EBHF7CGV5,FT-FS-LU4-050,Active,401.0,https://www.flipkart.com/x/p/x?pid=BSLGRG5EBHF7CGV5
HR-CB-IPRA-02,MEHHHZD6C2W6WEYQ,HR-CB-IPRA-02-M,Active,558.0,https://www.flipkart.com/x/p/x?pid=MEHHHZD6C2W6WEYQ
HR-CB-IPRA-02,HNAHHZC7JYR6MHSH,HR-CB-IPRA-02,Active,558.0,https://www.flipkart.com/x/p/x?pid=HNAHHZC7JYR6MHSH
HR-HE-RA2-250,HNAGCWMMHVT9EZ7K,HR-HE-RA2-250-V3,Active,421.0,https://www.flipkart.com/x/p/x?pid=HNAGCWMMHVT9EZ7K
HR-HE-RA2-250,MEHH2MZTNZRESJKT,HR-HE-RA2-250-M,Active,421.0,https://www.flipkart.com/x/p/x?pid=MEHH2MZTNZRESJKT
HR-HE-RA2-250,HNAG9JJC8FFC8DHC,HR-HE-RA2-250,Inactive,421.0,https://www.flipkart.com/x/p/x?pid=HNAG9JJC8FFC8DHC
HR-HE-RA-250,HNAGXQS4KYVRR8ZD,HR-HE-RA-250-V,Active,212.0,https://www.flipkart.com/x/p/x?pid=HNAGXQS4KYVRR8ZD
HR-HE-RA-250,HRCGZHMVDGZKYAHH,HR-HE-RA-250-H,Inactive,212.0,https://www.flipkart.com/x/p/x?pid=HRCGZHMVDGZKYAHH
HR-HE-RA-250,MEHGUXG9ZGVXFY4N,HR-HE-RA-250,Inactive,212.0,https://www.flipkart.com/x/p/x?pid=MEHGUXG9ZGVXFY4N
HR-HE-RA2H-85,HNAHBGSDRSZPSJAZ,HR-HE-RA2H-85,Active,767.0,https://www.flipkart.com/x/p/x?pid=HNAHBGSDRSZPSJAZ
HR-HE-RA3-250,MEHGV3XZPKGXKHVF,HR-HE-RA3-250D,Active,636.0,https://www.flipkart.com/x/p/x?pid=MEHGV3XZPKGXKHVF
HR-HE-RA3-250,HNAGK2BMDZVKCYJ2,HR-HE-RA2,Active,636.0,https://www.flipkart.com/x/p/x?pid=HNAGK2BMDZVKCYJ2
HR-HE-RA4-250,MEHGV3XZGF3VDM26,HR-HE-RA4-250D,Active,848.0,https://www.flipkart.com/x/p/x?pid=MEHGV3XZGF3VDM26
HR-HE-RA4-250,HNAGHEYJ6Z32ZZGC,HR-HE-RA4-220,Active,848.0,https://www.flipkart.com/x/p/x?pid=HNAGHEYJ6Z32ZZGC
HR-HE-RA5-250,HNAGWYEPJNZSYFUK,HR-HE-RA10-250,Active,1060.0,https://www.flipkart.com/x/p/x?pid=HNAGWYEPJNZSYFUK
HR-HE-RASB-03,HNAH4D9HAA7PRBV8,HR-HE-RASB-03,Active,628.0,https://www.flipkart.com/x/p/x?pid=HNAH4D9HAA7PRBV8
HR-HE-RASB-05,HNAH4D9HEPTQAARH,HR-HE-RASB-05,Active,1055.0,https://www.flipkart.com/x/p/x?pid=HNAH4D9HEPTQAARH
HR-HE-RT2-060,HNAGXAPN2VKNVBJS,HR-HE-RT2-060,Inactive,200.0,https://www.flipkart.com/x/p/x?pid=HNAGXAPN2VKNVBJS
HR-CN-NG-150,CNDHZFBY8BMHTXZA,HR-CN-NG-150,Active,371.0,https://www.flipkart.com/x/p/x?pid=CNDHZFBY8BMHTXZA
FC-HP-BHP-100,FCPHZZP3TFYUYDYQ,FC-HP-BHP-100,Active,377.0,https://www.flipkart.com/x/p/x?pid=FCPHZZP3TFYUYDYQ
HR-SH-ON-250,SMPHZU88DZT4EC5B,HR-SH-ON-250,Active,354.0,https://www.flipkart.com/x/p/x?pid=SMPHZU88DZT4EC5B
BC-CPS-NLTB3-125,SOPHPSFPTZCTAUZH,BC-CPS-NLTB3-125,Active,489.0,https://www.flipkart.com/x/p/x?pid=SOPHPSFPTZCTAUZH
FK-HR-SH-ON-300,SMPHPRE2HQ5ZCKUC,FK-HR-SH-ON-300,Active,421.0,https://www.flipkart.com/x/p/x?pid=SMPHPRE2HQ5ZCKUC
FK-HR-SH-ON-100,SMPHPRDFBRGFWZNX,FK-HR-SH-ON-100,Active,199.0,https://www.flipkart.com/x/p/x?pid=SMPHPRDFBRGFWZNX
BC-CPS-NLHL3-125,SOPHQDPTMAXWTTHY,BC-CPS-NLHL3-125,Active,489.0,https://www.flipkart.com/x/p/x?pid=SOPHQDPTMAXWTTHY
