nh_sku,url
AC-KNC-DNT-02,https://nathabit.in/products/strong-kacchi-neem-comb-dual-fine
AC-KNC-DNWT-03,https://nathabit.in/products/strong-kacchi-neem-comb-combo-dual-wide-fine
AC-KNC-DT-00,https://nathabit.in/products/dual-tooth-kacchi-neem-comb
AC-KNC-DWT-02,https://nathabit.in/products/strong-kacchi-neem-comb-dual-wide
AC-KNC-FTP-00,https://nathabit.in/products/pocket-comb
AC-KNC-FTSL-00,https://nathabit.in/products/styling-comb-large
AC-KNC-FTSS-00,https://nathabit.in/products/styling-comb-small
AC-KNC-NT-00,https://nathabit.in/products/fine-tooth-kacchi-neem-comb
AC-KNC-WT-00,https://nathabit.in/products/wide-tooth-kacchi-neem-comb
AC-KNC-WT2-002,
AC-KNC-WTB-00,https://nathabit.in/products/bounce-comb
AC-KNC-WTSL-00,https://nathabit.in/products/shampoo-comb-large
AC-KNC-WTSS-00,https://nathabit.in/products/shampoo-comb-small
AC-PFR-PS-00,https://nathabit.in/products/original-pumice-foot-rub
AC-PFR-PS2-00,https://nathabit.in/products/original-pumice-foot-rub-twin-pack
AC-SDL-LO-00,https://nathabit.in/products/sun-dried-loofah-single
AC-SDL-LO2-00,https://nathabit.in/products/sun-dried-loofah-twinpack
AC-SDL-LO3-00,
AC-SDL-LO4-00,
BA-BM-AD-120,https://nathabit.in/products/strong-kusha-baby-powder-shwet-chandan-150g-strong-br-i-0-5yrs-rashfree-soft-protection-i-copy
BA-BML-AD-200,https://nathabit.in/products/almond-date-baby-malai-lotion
BA-BML-TC-200,https://nathabit.in/products/tender-coconut-baby-malai-lotion
BA-BM-TC-120,https://nathabit.in/products/strong-almond-date-fresh-baby-malai-strong-copy
BA-BM-TC2-120,https://nathabit.in/products/strong-almond-date-fresh-baby-malai-strong-copy
BA-BP-RH-150,https://nathabit.in/products/baby-powder-raw-haldi
BA-BP-RH2-150,https://nathabit.in/products/baby-powder-raw-haldi
BA-BP-RHSC-150,https://nathabit.in/products/baby-powder-combo
BA-BP-SC-150,https://nathabit.in/products/baby-powder-shwet-chandan
BA-BP-SC2-150,https://nathabit.in/products/baby-powder-shwet-chandan
BA-BU-CMA-080,https://nathabit.in/products/baby-ubtan-charoli-milk-almond
BA-BU-CMA2-080,https://nathabit.in/products/baby-ubtan-charoli-milk-almond
BA-BU-GG-080,https://nathabit.in/products/baby-daily-ubtan-grain-gram
BA-BU-GG2-080,https://nathabit.in/products/baby-daily-ubtan-grain-gram
BA-BU-MN-080,https://nathabit.in/products/baby-daily-ubtan-milk-nut
BA-BU-MN2-080,https://nathabit.in/products/baby-daily-ubtan-milk-nut
BA-DRC-PC-075,https://nathabit.in/products/prebiotic-anti-rash-cream
BA-FM-MNO-075,https://nathabit.in/products/multi-nut-oats-vit-e-baby-face-malai
BA-PBO-AL-100,https://nathabit.in/products/pure-almond-baby-oil
BA-PBO-AL-200,https://nathabit.in/products/pure-almond-baby-oil
BA-PBO-ALBM-02,
BA-PBO-ALSC-02,
BA-PBO-OL-100,https://nathabit.in/products/pure-olive-baby-oil
BA-PBO-OL-200,https://nathabit.in/products/pure-olive-baby-oil
BA-PBO-OLBM-02,
BA-PBO-VCO-100,https://nathabit.in/products/pure-virgin-coconut-baby-oil
BA-PBO-VCO-200,https://nathabit.in/products/pure-virgin-coconut-baby-oil
BA-SHO-BM-110,https://nathabit.in/products/summer-baby-hair-oil
BA-SHO-BMSC-02,
BA-SMA-BN-100,https://nathabit.in/products/summer-baby-maahu
BA-SMA-BN-200,https://nathabit.in/products/summer-baby-maahu
BA-TRO-HS-040,https://nathabit.in/products/tummyroll-on
BA-WHO-BM-110,https://nathabit.in/products/winter-baby-hair-oil
BC-BL-AS2-250,https://nathabit.in/products/aloe-saunf-malai-lotion
BC-BL-AS-250,https://nathabit.in/products/aloe-saunf-malai-lotion
BC-BL-CID2-250,https://nathabit.in/products/double-cocoa-malai-lotion
BC-BL-CID-250,https://nathabit.in/products/double-cocoa-malai-lotion
BC-BL-MNS2-250,https://nathabit.in/products/multi-nut-malai-lotion
BC-BL-MNS-250,https://nathabit.in/products/multi-nut-malai-lotion
BC-BL-PM-250,https://nathabit.in/products/peach-milk-malai-lotion
BC-BL-RFR2-250,https://nathabit.in/products/fig-rose-malai-lotion
BC-BL-RFR-250,https://nathabit.in/products/fig-rose-malai-lotion
BC-BU-MN-080,https://nathabit.in/products/fresh-moong-nourish-bath-ubtan
BC-BU-MN2-080,
BC-BU-MN3-080,https://nathabit.in/products/fresh-moong-nourish-bath-ubtan
BC-BU-MR-080,https://nathabit.in/products/fresh-masoor-rub-bath-ubtan
BC-BU-MR2-080,https://nathabit.in/products/fresh-masoor-rub-bath-ubtan
BC-BU-MR3-080,https://nathabit.in/products/fresh-masoor-rub-bath-ubtan
BC-BU-NC-080,https://nathabit.in/products/fresh-neem-cure-bath-ubtan
BC-BU-NC2-080,https://nathabit.in/products/fresh-neem-cure-bath-ubtan
BC-BU-NC3-080,https://nathabit.in/products/fresh-neem-cure-bath-ubtan
BC-BU-TB-080,https://nathabit.in/products/fresh-wild-turmeric-bath-ubtan
BC-BU-TB2-080,https://nathabit.in/products/fresh-wild-turmeric-bath-ubtan
BC-BU-TB3-080,https://nathabit.in/products/fresh-wild-turmeric-bath-ubtan
BC-CB-AA-05,https://nathabit.in/products/baby-winter-combo
BC-CP-AL-050,https://nathabit.in/products/pure-cold-pressed-almond-oil
BC-CP-AL-100,https://nathabit.in/products/pure-cold-pressed-almond-oil
BC-CP-AR-030,https://nathabit.in/products/pure-cold-pressed-argan-oil
BC-CP-CA-190,
BC-CP-CA-200,https://nathabit.in/products/pure-cold-pressed-castor-oil
BC-CP-CO-200,https://nathabit.in/products/pure-cold-pressed-coconut-oil
BC-CP-GR-030,https://nathabit.in/products/pure-cold-pressed-grapeseed-oil
BC-CP-JO-030,https://nathabit.in/products/pure-cold-pressed-jojoba-oil
BC-CP-JO-050,https://nathabit.in/products/pure-cold-pressed-jojoba-oil
BC-CP-NE-200,https://nathabit.in/products/pure-cold-pressed-neem-oil
BC-CP-RH-030,https://nathabit.in/products/cold-pressed-rosehip-oil
BC-CPS-DC-125,https://nathabit.in/products/cold-processed-detox-charcoal-soap
BC-CPS-DC2-125,https://nathabit.in/products/cold-processed-detox-charcoal-soap
BC-CP-SE-200,https://nathabit.in/products/pure-cold-pressed-sesame-oil
BC-CPS-EO-125,https://nathabit.in/products/cold-processed-exfoliating-orange-soap
BC-CPS-EO2-125,https://nathabit.in/products/cold-processed-exfoliating-orange-soap
BC-CPS-EO4-125,https://nathabit.in/products/cold-processed-exfoliating-orange-soap
BC-CPS-EO5-125,
BC-CPS-MR-125,https://nathabit.in/products/cold-processed-brightening-milk-rosehip-soap
BC-CPS-MR2-125,https://nathabit.in/products/cold-processed-brightening-milk-rosehip-soap
BC-CPS-NB-125,https://nathabit.in/products/cold-processed-sacred-neem-basil-soap
BC-CPS-NB2-125,https://nathabit.in/products/cold-processed-sacred-neem-basil-soap
BC-CPS-NB4-125,https://nathabit.in/products/cold-processed-sacred-neem-basil-soap
BC-CPS-NB5-125,
BC-CPS-NLHL-125,
BC-CPS-NLHL2-125,https://nathabit.in/products/cold-processed-himalayan-lavender
BC-CPS-NLHL4-125,https://nathabit.in/products/cold-processed-himalayan-lavender
BC-CPS-NLHL6-125,https://nathabit.in/products/cold-processed-himalayan-lavender
BC-CPS-NLTB-125,
BC-CPS-NLTB2-125,https://nathabit.in/products/cold-processed-tomato-basil-aha-bha-soap
BC-CPS-NLTB4-125,https://nathabit.in/products/cold-processed-tomato-basil-aha-bha-soap
BC-CPS-NLTB6-125,https://nathabit.in/products/cold-processed-tomato-basil-aha-bha-soap
BC-CPS-SS-125,https://nathabit.in/products/cold-processed-soothing-sandalwood-soap
BC-CPS-SS2-125,https://nathabit.in/products/cold-processed-soothing-sandalwood-soap
BC-CPS-SS3-125,
BC-CPS-SS4-125,https://nathabit.in/products/cold-processed-soothing-sandalwood-soap
BC-CPS-SS5-125,
BC-CPS-TO-125,https://nathabit.in/products/cold-processed-healing-turmeric-oats-soap
BC-CPS-TO2-125,https://nathabit.in/products/cold-processed-healing-turmeric-oats-soap
BC-CPS-TO4-125,https://nathabit.in/products/cold-processed-healing-turmeric-oats-soap
BC-CPS-TO5-125,
BC-CPS-WA-125,https://nathabit.in/products/cold-processed-wild-apricot-soap
BC-CPS-WA2-125,https://nathabit.in/products/cold-processed-wild-apricot-soap
BC-CPS-WA3-125,
BC-CPS-WA4-125,https://nathabit.in/products/cold-processed-wild-apricot-soap
BC-CPS-WA5-125,
BC-CP-VC-100,https://nathabit.in/products/pure-cold-pressed-virgin-coconut-oil
BC-CP-VC-200,https://nathabit.in/products/pure-cold-pressed-virgin-coconut-oil
BC-CP-WA-030,https://nathabit.in/products/pure-cold-pressed-walnut-oil
BC-EO-CI-015,https://nathabit.in/products/pure-cinnamon-essential-oil
BC-EO-EU-015,https://nathabit.in/products/pure-eucalyptus-essential-oil
BC-EO-LE-015,https://nathabit.in/products/pure-lemongrass-essential-oil
BC-EO-LV-015,https://nathabit.in/products/pure-lavender-essential-oil
BC-EO-PE-015,https://nathabit.in/products/pure-peppermint-essential-oil
BC-EO-RM-015,https://nathabit.in/products/pure-rosemary-essential-oil
BC-EO-RM-030,https://nathabit.in/products/pure-rosemary-essential-oil
BC-EO-SO-015,https://nathabit.in/products/pure-sweet-orange-essential-oil
BC-EO-TT-015,https://nathabit.in/products/pure-tea-tree-essential-oil
BC-EO-TU-015,https://nathabit.in/products/pure-turmeric-essential-oil
BC-HM-4BM-030,https://nathabit.in/products/4butter-hand-malai
BC-HM-4BM2-030,https://nathabit.in/products/4butter-hand-malai
BC-HM-BVE-030,https://nathabit.in/products/berry-vanilla-hand-malai
BC-HM-BVE2-030,https://nathabit.in/products/berry-vanilla-hand-malai
BC-HM-CBB2-030,https://nathabit.in/products/chia-banana-hand-malai
BC-HM-LMG-030,https://nathabit.in/products/lemon-moringa-hand-malai
BC-HM-LMG2-030,https://nathabit.in/products/lemon-moringa-hand-malai
BC-HM-MCY-030,https://nathabit.in/products/mango-hand-malai
BC-HM-MCY2-030,https://nathabit.in/products/mango-hand-malai
BC-HM-PWR-030,https://nathabit.in/products/pumpkin-walnut-hand-malai
BC-HM-PWR2-030,https://nathabit.in/products/pumpkin-walnut-hand-malai
BC-HM-TRL-030,https://nathabit.in/products/tucuma-rose-hand-malai
BC-HM-TRL2-030,https://nathabit.in/products/tucuma-rose-hand-malai
BC-MA-GM-100,https://nathabit.in/products/pure-ginger-maricha-maahu
BC-MA-GM-200,https://nathabit.in/products/pure-ginger-maricha-maahu
BC-MA-MC-100,https://nathabit.in/products/pure-moringa-coconut-maahu
BC-MA-TA-100,https://nathabit.in/products/pure-tulsi-ashwagandha-maahu
BC-MA-TA-200,https://nathabit.in/products/pure-tulsi-ashwagandha-maahu
BC-MA-TM-100,https://nathabit.in/products/pure-turmeric-manjistha-maahu
BC-MA-TM-200,https://nathabit.in/products/pure-turmeric-manjistha-maahu
BC-PO-AL-100,https://nathabit.in/products/pure-almond-oil
BC-PO-AL-50,https://nathabit.in/products/pure-almond-oil
BC-PO-CO-200,https://nathabit.in/products/pure-coconut-oil
BC-PO-CO2-200,
BC-PO-CO3-200,
BC-PO-OL-200,https://nathabit.in/products/pure-olive-oil
BC-SM-CID-120,https://nathabit.in/products/double-cocoa-malai
BC-SM-CID-200,https://nathabit.in/products/double-cocoa-skin-malai-200ml
BC-SM-CID2-120,https://nathabit.in/products/double-cocoa-malai
BC-SM-MNS-120,https://nathabit.in/products/multi-nut-shea-omega-3-malai
BC-SM-MNS-200,https://nathabit.in/products/multi-nut-skin-mala-200ml
BC-SM-MNS2-120,https://nathabit.in/products/multi-nut-shea-omega-3-malai
BC-SM-RFR-120,https://nathabit.in/products/fig-rose-malai
BC-SM-RFR-200,https://nathabit.in/products/fig-rose-primalight-skinmalai-200ml
BC-SM-RFR2-120,https://nathabit.in/products/fig-rose-malai
BC-SM-SCS-120,https://nathabit.in/products/stone-crushed-sunflower-malai
BC-SM-SCS-200,https://nathabit.in/products/stone-crushed-sunflower-skinmalai-200ml
BC-SM-SCS2-120,https://nathabit.in/products/stone-crushed-sunflower-malai
BC-UU-AC-040,
BC-UU-AC2-040,
BC-UU-AC3-040,
BC-UU-LD-040,
BC-UU-LD2-040,
BC-UU-LD3-040,
BC-UU-RP-040,
BC-UU-RP2-040,
BC-UU-RP3-040,
BC-UU-WY-040,
BC-UU-WY2-040,
BC-UU-WY3-040,
CB-BA-BNBM-02,
CB-BA-BNBMSCCM-04,https://nathabit.in/products/cuddly-new-born-gift-set
CB-BA-BSBM-02,
CB-CP-CARM-02,
CB-CP-CORM-02,
CB-CPS-CS2-125,
CB-CPS-CT2-125,
CB-CPS-MC2-125,
CB-CPS-MO2-125,
CB-CPS-MS2-125,
CB-CPS-MT2-125,
CB-CPS-NC2-125,
CB-CPS-NT2-125,
CB-CPS-OC2-125,
CB-CPS-OS2-125,
CB-CPS-OT2-125,
CB-CPS-ST2-125,
CB-FAS-SKC-008,https://nathabit.in/products/fresh-ayurveda-classic-b
CB-FAS-SKG-12,https://nathabit.in/products/fresh-ayurveda-grand-b
CB-FAW-SKC-008,https://nathabit.in/products/fresh-ayurveda-classic-a
CB-FAW-SKG-12,https://nathabit.in/products/fresh-ayurveda-grand-a
CB-GS-AC-06,https://nathabit.in/products/ultimate-nourishment-giftset
CB-GS-AB-08,https://nathabit.in/products/with-all-my-heart-gift-set
CB-GS-AE-06,https://nathabit.in/products/blessed-must-haves-gift-set
CB-GS-AD-07,https://nathabit.in/products/go-pamper-gift-set
CB-GS-AI-06,https://nathabit.in/products/nature-ka-purest-gift-set
CB-GS-BR-06,
CB-GS-BS-06,
CB-GS-BT-08,
CB-GS-BU-09,
CB-GS-CM-04,
CB-GS-CN-06,
CB-GS-AG-08,https://nathabit.in/products/couple-favorites-gift-set
CB-GS-CP-08,
CB-HO-HHBN-03,
CB-KNC-BPDT-03,
CB-KNC-DHBN-03,https://nathabit.in/products/dual-tooth-comb-hibiscus-nutrimask
CB-KNC-DHBO-02,https://nathabit.in/products/dual-tooth-comb-hibiscus-hair-oil
CB-KNC-DMNO-02,https://nathabit.in/products/dual-tooth-comb-mens-revital-dasabuti-hair-oil
CB-KNC-DNBN-03,https://nathabit.in/products/dual-tooth-comb-neembhringraj-nutrimask
CB-KNC-DOLO-02,https://nathabit.in/products/dual-tooth-comb-olive-almond-dasabuti-hair-oil
CB-KNC-DTLN-03,https://nathabit.in/products/dual-tooth-comb-and-tri-leaf-nutri-mask
CB-KNC-DTLO-02,https://nathabit.in/products/dual-tooth-comb-trileaf-dasabuti-hair-oil
CB-GS-AH-09,https://nathabit.in/products/luxurious-day-out-gift-set
CB-KNC-SSS-02,
CB-KNC-WHBO-02,https://nathabit.in/products/wide-tooth-comb-hibiscus-dasabuti-hair-oil
CB-KNC-WNBO-02,https://nathabit.in/products/wide-tooth-comb-neem-bhringraj-dasabuti-hair-oil
CB-KNC-WOLO-02,https://nathabit.in/products/wide-tooth-comb-olive-almond-dasabuti-hair-oil
CB-KNC-WTLO-02,https://nathabit.in/products/wide-tooth-comb-trileaf-dasabuti-hair-oil
CB-ML-PGFJ-02,https://nathabit.in/products/patchouli-manjistha-mukhalaya-gulab-jal
CB-ML-SGFJ-02,https://nathabit.in/products/saffron-tuberose-mukhalaya-gulab-jal
CB-ML-TLFJ-02,https://nathabit.in/products/turmeric-rosehip-mukhalaya-lavender-jal
CB-PC-AGNL-04,https://nathabit.in/products/apple-nature-candles-combo
CB-PC-MSAG-04,https://nathabit.in/products/apple-marigold-candles-combo
CB-PC-SNMS-04,https://nathabit.in/products/starry-marigold-candles-combo
CB-PC-SNNL-04,https://nathabit.in/products/nature-starry-candle-combo
CB-GS-BV-19,
CB-GS-CO-07,
CB-KNC-DTRA-02,https://nathabit.in/products/dual-tooth-comb-henna-paste
CB-KNC-WTRA-02,https://nathabit.in/products/wide-tooth-comb-henna-paste
CB-RA2-RBUP-100,
CB-RA2-RCSN-03,
CB-SH-HRA2-03,
CB-SHO-HAB-02,
CB-SHO-TTR-02,
CB-SM-MNDC-02,https://nathabit.in/products/multinut-cocoa-combo
CB-SM-MNFR-02,https://nathabit.in/products/fig-multinut-combo
EC-UE-FNC-020,https://nathabit.in/products/netraa-undereye-cream
EC-UE-PN-009,https://nathabit.in/products/pure-netraa
FC-AC-AC-050,https://nathabit.in/products/active-aloe-cactus-gel-moisturiser
FC-AC-AC2-050,https://nathabit.in/products/active-aloe-cactus-gel-moisturiser
FC-AC-BT-050,https://nathabit.in/products/active-vit-a-gel-moisturiser
FC-AC-BT2-050,https://nathabit.in/products/active-vit-a-gel-moisturiser
FC-AC-NT-050,https://nathabit.in/products/active-anti-acne-gel-moisturiser
FC-AC-NT2-050,https://nathabit.in/products/active-anti-acne-gel-moisturiser
FC-AC-OK-050,https://nathabit.in/products/active-vit-c-gel-moisturiser
FC-AC-OK2-050,https://nathabit.in/products/active-vit-c-gel-moisturiser
FC-AC-OV-050,https://nathabit.in/products/active-vit-e-gel-moisturiser
FC-AC-OV2-050,https://nathabit.in/products/active-vit-e-gel-moisturiser
FC-CB-BNNT-02,https://nathabit.in/products/bitter-neem-gel-tikta-fresh-neem-tea-tree-anti-acne-gel-80g
FC-CM-CEM-030,
FC-CM-CKM-010,https://nathabit.in/products/classic-kumkumadi-mukhalaya
FC-CM-CKM-015,https://nathabit.in/products/classic-kumkumadi-mukhalaya
FC-CM-CNM-030,https://nathabit.in/products/classical-nalpamaradi-mukhalaya
FC-CWDM-BT-030,https://nathabit.in/products/malai-blackseed-tulsi
FC-CWDM-FW-030,https://nathabit.in/products/malai-flax-walnut
FC-CWDM-TP-030,https://nathabit.in/products/malai-tomato-patchouli
FC-DM-AA-030,https://nathabit.in/products/all-day-malai-anti-acne
FC-DM-AA2-030,
FC-DM-DP-030,https://nathabit.in/products/all-day-malai-dry-skin
FC-DM-NR-030,https://nathabit.in/products/night-malai
FC-DM-NR-050,https://nathabit.in/products/night-malai
FC-DM-PG-030,https://nathabit.in/products/all-day-malai-pigmentation
FC-DM-PG-050,https://nathabit.in/products/all-day-malai-pigmentation
FC-DU-DR-040,https://nathabit.in/products/delicate-rose-ubtan
FC-DU-DR2-040,https://nathabit.in/products/delicate-rose-ubtan
FC-DU-LB-040,https://nathabit.in/products/lemon-burst-ubtan
FC-DU-LB2-040,https://nathabit.in/products/lemon-burst-ubtan
FC-DU-LC-040,https://nathabit.in/products/lavender-charm-ubtan
FC-DU-LC2-040,https://nathabit.in/products/lavender-charm-ubtan
FC-DU-SO-040,https://nathabit.in/products/sweet-orange-ubtan
FC-DU-SO2-040,https://nathabit.in/products/sweet-orange-ubtan
FC-EM-CN2-025,https://nathabit.in/products/cinnamon-nashpati-radiance-exfoliating-mura
FC-EM-CN3-025,https://nathabit.in/products/cinnamon-nashpati-radiance-exfoliating-mura
FC-EM-FG2-025,https://nathabit.in/products/five-gram-clay-fuse-exfoliating-mura
FC-EM-FG3-025,https://nathabit.in/products/five-gram-clay-fuse-exfoliating-mura
FC-EM-HS2-025,https://nathabit.in/products/honey-sunflower-exfoliating-mura
FC-EM-HS3-025,https://nathabit.in/products/honey-sunflower-exfoliating-mura
FC-EM-NML2-025,https://nathabit.in/products/neem-marigold-laung-exfoliating-mura
FC-EM-NML3-025,https://nathabit.in/products/neem-marigold-laung-exfoliating-mura
FC-EM-PC2-025,https://nathabit.in/products/pumpkin-clay-exfoliating-mura
FC-EM-PC3-025,https://nathabit.in/products/pumpkin-clay-exfoliating-mura
FC-EM-UJ2-025,https://nathabit.in/products/urad-jojoba-exfoliating-mura
FC-EM-UJ3-025,https://nathabit.in/products/urad-jojoba-exfoliating-mura
FC-FL-GU-100,https://nathabit.in/products/pure-gulab-jal
FC-FL-GU-190,
FC-FL-GU2-100,
FC-FL-GU3-100,https://nathabit.in/products/pure-gulab-jal
FC-FL-LA-100,https://nathabit.in/products/pure-lavender-jal
FC-FL-LA2-100,
FC-FL-LA3-100,https://nathabit.in/products/pure-lavender-jal
FC-FL-MO-100,https://nathabit.in/products/pure-mogra-jal
FC-FL-MO2-100,
FC-FL-MO3-100,https://nathabit.in/products/pure-mogra-jal
FC-FW-BNCR-100,https://nathabit.in/products/tikta-neem-facewash-cream
FC-FW-BNCR2-100,https://nathabit.in/products/tikta-neem-facewash-cream
FC-FW-BNGL-100,https://nathabit.in/products/tikta-neem-facewash-gel
FC-FW-BNGL2-100,https://nathabit.in/products/tikta-neem-facewash-gel
FC-FW-BUCM-02,
FC-FW-BUPA-100,https://nathabit.in/products/tikta-ubtan-facewash
FC-FW-BUPA2-100,https://nathabit.in/products/tikta-ubtan-facewash
FC-FW-GPCR-100,https://nathabit.in/products/tikta-patola-facewash-cream
FC-FW-GPCR2-100,https://nathabit.in/products/tikta-patola-facewash-cream
FC-FW-GPGL-100,https://nathabit.in/products/tikta-patola-facewash-gel
FC-FW-GPGL2-100,https://nathabit.in/products/tikta-patola-facewash-gel
FC-FW-KMPA-100,https://nathabit.in/products/kali-mitti-tikta-men-facewash
FC-FW-MDPA-100,https://nathabit.in/products/tikta-masoor-dal-facewash
FC-FW-MDPA2-100,https://nathabit.in/products/tikta-masoor-dal-facewash
FC-FW-MGNG-02,
FC-FW-MVCR-100,https://nathabit.in/products/tikta-vitc-facewash-cream
FC-FW-MVCR2-100,https://nathabit.in/products/tikta-vitc-facewash-cream
FC-FW-MVGL-100,https://nathabit.in/products/tikta-vitc-facewash-gel
FC-FW-MVGL2-100,https://nathabit.in/products/tikta-vitc-facewash-gel
FC-FW-PBCR-100,https://nathabit.in/products/tikta-milk-facewash-cream
FC-FW-PBCR2-100,https://nathabit.in/products/tikta-milk-facewash-cream
FC-FW-RCCR-100,https://nathabit.in/products/tikta-chicory-mens-facewash-cream
FC-FW-RCCR2-100,https://nathabit.in/products/tikta-chicory-mens-facewash-cream
FC-FW-RCGL-100,https://nathabit.in/products/chicory-men-facewash-gel
FC-FW-RCGL2-100,https://nathabit.in/products/chicory-men-facewash-gel
FC-HDDM-FB-030,https://nathabit.in/products/malai-flax-bakuchi
FC-HDDM-FB-050,https://nathabit.in/products/malai-flax-bakuchi
FC-HDDM-PT-030,https://nathabit.in/products/malai-pomegranate-tulsi
FC-HDDM-TR-030,https://nathabit.in/products/malai-tomato-rosehip
FC-HDDM-TR-050,https://nathabit.in/products/malai-tomato-rosehip
FC-HG-AC2-080,https://nathabit.in/products/aloe-cucumber-gel
FC-HG-BT2-080,https://nathabit.in/products/beetroot-tomato-gel
FC-HG-NT2-080,https://nathabit.in/products/neem-teatree-gel
FC-HG-OK2-080,https://nathabit.in/products/vit-c-gel
FC-HG-OV2-080,https://nathabit.in/products/olive-vit-e-gel
FC-HG-PA2-080,https://nathabit.in/products/aloe-gel
FC-HG-RT2-080,https://nathabit.in/products/rose-gel
FC-HHDM-FC-030,https://nathabit.in/products/malai-flax-carrot
FC-HHDM-FC-050,https://nathabit.in/products/malai-flax-carrot
FC-HHDM-GAT-030,https://nathabit.in/products/malai-greenapple-tulsi
FC-HHDM-TV-030,https://nathabit.in/products/malai-tomato-vetiver
FC-HHDM-TV-050,https://nathabit.in/products/malai-tomato-vetiver
FC-HP-AHP-125,https://nathabit.in/products/100-pure-amla-powder-phyllanthus-emblica
FC-HP-HHP-100,https://nathabit.in/products/100-pure-hibiscus-powder-hibiscus-rosa-sinensis
FC-HP-MM-200,https://nathabit.in/products/100-pure-multani-mitti-powder-fuller-s-earth
FC-HP-MP-100,https://nathabit.in/products/100-pure-mulethi-root-powder-glycyrrhiza-glabra
FC-KL-AC-040,https://nathabit.in/products/fresh-aloe-cucumber-lepa
FC-KL-AC2-040,
FC-KL-BM-040,https://nathabit.in/products/fresh-banana-mulethi-lepa
FC-KL-BM2-040,https://nathabit.in/products/fresh-banana-mulethi-lepa
FC-KL-CN-040,https://nathabit.in/products/fresh-chandan-nagakesar-lepa
FC-KL-CN2-040,https://nathabit.in/products/fresh-chandan-nagakesar-lepa
FC-KL-FM-040,https://nathabit.in/products/fresh-flaxseed-manjistha-lepa
FC-KL-FM2-040,https://nathabit.in/products/fresh-flaxseed-manjistha-lepa
FC-KL-GK-040,https://nathabit.in/products/fresh-gulab-khus-lepa
FC-KL-GK2-040,https://nathabit.in/products/fresh-gulab-khus-lepa
FC-KL-KA-040,https://nathabit.in/products/fresh-kaolin-aparajita-lepa
FC-KL-KA2-040,https://nathabit.in/products/fresh-kaolin-aparajita-lepa
FC-KL-NA-040,https://nathabit.in/products/fresh-neem-ajwain-lepa
FC-KL-NA2-040,https://nathabit.in/products/fresh-neem-ajwain-lepa
FC-KL-OK-040,https://nathabit.in/products/fresh-orange-kalonji-lepa
FC-KL-OK2-040,https://nathabit.in/products/fresh-orange-kalonji-lepa
FC-KL-PBC-040,https://nathabit.in/products/fresh-pumpkin-blackclay-lepa
FC-KL-PBC2-040,https://nathabit.in/products/fresh-pumpkin-blackclay-lepa
FC-KL-TK-040,https://nathabit.in/products/fresh-tamarind-kasturi-lepa
FC-KL-TK2-040,https://nathabit.in/products/fresh-tamarind-kasturi-lepa
FC-ML-CMG-015,https://nathabit.in/products/pure-clove-marigold-mukhalaya
FC-ML-CMG-030,https://nathabit.in/products/pure-clove-marigold-mukhalaya
FC-ML-LMR-015,https://nathabit.in/products/pure-lotus-marula-mukhalaya
FC-ML-LMR-030,https://nathabit.in/products/pure-lotus-marula-mukhalaya
FC-ML-PMJ-015,https://nathabit.in/products/pure-patchouli-manjistha-mukhalaya
FC-ML-PMJ-030,https://nathabit.in/products/pure-patchouli-manjistha-mukhalaya
FC-ML-STR-015,https://nathabit.in/products/pure-saffron-tuberose-mukhalaya
FC-ML-STR-030,https://nathabit.in/products/pure-saffron-tuberose-mukhalaya
FC-ML-TRH-015,https://nathabit.in/products/pure-turmeric-rosehip-mukhalaya
FC-ML-TRH-030,https://nathabit.in/products/pure-turmeric-rosehip-mukhalaya
FC-ML-WAR-015,https://nathabit.in/products/pure-walnut-anaar-mukhalaya
FC-ML-WAR-030,https://nathabit.in/products/pure-walnut-anaar-mukhalaya
FC-MM-GK-25,https://nathabit.in/products/geranium-kiss-makeup-melt
FC-MM-LS-25,https://nathabit.in/products/lemon-squeeze-makeup-melt
FC-MU-CC-040,https://nathabit.in/products/cucumber-crush-multani-ubtan
FC-MU-CC2-040,https://nathabit.in/products/cucumber-crush-multani-ubtan
FC-MU-RB-040,https://nathabit.in/products/rose-blush-multani-ubtan
FC-MU-RB2-040,https://nathabit.in/products/rose-blush-multani-ubtan
FK-AHO-HA-150,
FK-AHO-TR-150,
FK-AOSC-HA-03,
FK-AOSC-TR-03,
FK-BC-CP-CA2-190,
FK-BC-CPS-NBLT-03,
FK-BC-SM-CID2-120,
FK-CB-BUPG-02,
FK-CB-GFLO-05,
FK-CB-GLAS-03,
CB-RA2-RHBO-02,
FK-CB-MPLU-05,
FK-CB-NMOC-03,
FK-CB-OMRC-05,
FK-CB-TVBM-04,
FK-FC-CB-GUBU-02,
FK-FC-CB-MOBU-02,
FK-FC-DM-PG2-030,
FK-FW-BUPA2-150,
FK-FC-FW-KMPA3-100,
FK-FW-BUPA-150,
FK-HR-CB-HB-03,
FK-HR-CB-TRM-03,
FK-HR-HIP-IP-02,
FK-HR-HIP-IP-03,
FK-HR-HIP-IP-125,
FK-HR-SH-TR-100,
FK-SHCN-HB-02,
FK-SH-HB-300,
FK-SH-TR-300,
CB-RA2-RMJ-02,
CB-RA2-RMRN-03,
CB-RA2-RNHB-03,
FT-PFU-3P-040,
FT-PFU-3P2-040,
FT-PFU-BC-040,
FT-PFU-BC2-040,
FT-PFU-GK-040,
FT-PFU-GK2-040,
FT-PFU-TO-040,
FT-PFU-TO2-040,
HR-AHO-CC-100,https://nathabit.in/products/castor-coconut-dasabuti-hair-oil
HR-AHO-CC-200,https://nathabit.in/products/castor-coconut-dasabuti-hair-oil
HR-AHO-OA-100,https://nathabit.in/products/strong-olive-almond-vit-e-summer-hair-oil-strong-br-i-light-non-sticky-nourishment-i-copy
HR-AHO-OA-200,https://nathabit.in/products/strong-olive-almond-vit-e-summer-hair-oil-strong-br-i-light-non-sticky-nourishment-i-copy
CB-RA2-RNTL-03,
HR-CN-AP-150,https://nathabit.in/products/aloe-peanut-nutri-conditioner
HR-CN-AP2-150,https://nathabit.in/products/aloe-peanut-nutri-conditioner
HR-CN-CB-150,https://nathabit.in/products/castor-blackseed-nutri-conditioner
HR-CN-CB2-150,https://nathabit.in/products/castor-blackseed-nutri-conditioner
HR-CN-CC-150,https://nathabit.in/products/curry-cider-nutri-conditioner
HR-CN-CC2-150,https://nathabit.in/products/curry-cider-nutri-conditioner
HR-CN-HB-140,
HR-CN-HB-150,https://nathabit.in/products/five-oil-hibiscus-nutri-conditioner
HR-CN-HB2-150,https://nathabit.in/products/five-oil-hibiscus-nutri-conditioner
HR-CN-TR-140,
HR-CN-TR-150,https://nathabit.in/products/tri-leaf-rosemary-nutri-conditioner
HR-CN-TR2-150,https://nathabit.in/products/tri-leaf-rosemary-nutri-conditioner
HR-HB-AG-025,https://nathabit.in/products/argan-grapeseed-post-wash-hair-balm
HR-HB-AM-025,https://nathabit.in/products/almond-marula-post-wash-hair-balm
HR-HB-HB-025,https://nathabit.in/products/hibiscus-blackseed-post-wash-balm
CB-RA2-RPA-02,
CB-RA2-RRT-03,
CB-RA2-RTK-02,
FK-CB-HIO-03,
FK-CB-IP-RA-03,
FT-FS-CL2-050,https://nathabit.in/products/cedar-lift-foot-salt
FT-FS-CL4-050,
FT-FS-CR2-050,https://nathabit.in/products/cinnamon-respite-foot-salt
HR-HIP-IP-170,https://nathabit.in/products/hufa-pigment-indigo
HR-HIP-IP3-85,
HR-HIP-IP-500,https://nathabit.in/products/hufa-pigment-indigo
HR-HIP-IP-85,https://nathabit.in/products/hufa-pigment-indigo
HR-HO-CS-100,https://nathabit.in/products/curry-sesame-winter-hair-oil
HR-HO-HA-100,https://nathabit.in/products/hibiscus-amla-winter-hair-oil
HR-HO-MR-100,https://nathabit.in/products/mens-revital-winter-hair-oil
HR-HO-NB-100,https://nathabit.in/products/neem-bhringraj-winter-hair-oil
HR-HO-OA-100,https://nathabit.in/products/olive-almond-winter-hair-oil
HR-HO-SM-100,https://nathabit.in/products/soybean-methi-winter-hair-oil
HR-HO-TL-100,https://nathabit.in/products/crushed-tri-leaf-winter-hair-oil
HR-MJ-CH-200,https://nathabit.in/products/chamomile-conditioning-methi-jal
HR-MJ-GT-200,https://nathabit.in/products/green-tea-conditioning-methi-jal
HR-MJ-RM-200,https://nathabit.in/products/rosemary-conditioning-methi-jal
HR-MJ-RO-200,https://nathabit.in/products/rose-conditioning-methi-jal
HR-NJ-HJ-200,https://nathabit.in/products/hibiscus-nourishing-hair-jal-spray
HR-NJ-MJ-200,https://nathabit.in/products/methi-nourishing-hair-jal-spray
HR-NJ-RJ-200,https://nathabit.in/products/rosemary-nourishing-hair-jal-spray
HR-NM-CM-040,https://nathabit.in/products/curry-mustard-nutrimask
HR-NM-CM2-040,https://nathabit.in/products/curry-mustard-nutrimask
HR-NM-CM3-040,https://nathabit.in/products/curry-mustard-nutrimask
HR-NM-CS-040,https://nathabit.in/products/curry-sesame-nutrimask
HR-NM-CS2-040,https://nathabit.in/products/curry-sesame-nutrimask
HR-NM-CS3-040,https://nathabit.in/products/curry-sesame-nutrimask
HR-NM-HB-040,https://nathabit.in/products/five-oil-hibiscus-nutrimask-for-hair-growth
HR-NM-HB2-040,https://nathabit.in/products/five-oil-hibiscus-nutrimask
HR-NM-HB3-040,https://nathabit.in/products/five-oil-hibiscus-nutrimask
HR-NM-HB4-040,
HR-NM-MR-040,https://nathabit.in/products/mens-8-herbs-hair-revital-nutrimask
HR-NM-MR2-040,https://nathabit.in/products/mens-8-herbs-hair-revital-nutrimask
HR-NM-MR3-040,https://nathabit.in/products/mens-8-herbs-hair-revital-nutrimask
HR-NM-NB-040,https://nathabit.in/products/neem-bhringraj-nutrimask
HR-NM-NB2-040,https://nathabit.in/products/neem-bhringraj-nutrimask
HR-NM-NB3-040,https://nathabit.in/products/neem-bhringraj-nutrimask
HR-NM-TL-040,https://nathabit.in/products/crushed-tri-leaf-nutrimask
HR-NM-TL2-040,https://nathabit.in/products/crushed-tri-leaf-nutrimask
HR-NM-TL3-040,https://nathabit.in/products/crushed-tri-leaf-nutrimask
HR-NM-TL4-040,
HR-PHO-SB-050,https://nathabit.in/products/henna-stain-boost-oil
HR-SH-AP2-250,https://nathabit.in/products/aloe-peanut-navdha-shampoo
HR-SH-AP-250,https://nathabit.in/products/aloe-peanut-navdha-shampoo
HR-SH-APAP-02,https://nathabit.in/products/aloe-peanut-shampoo-conditioner-combo
HR-SH-CB2-250,https://nathabit.in/products/castor-blackseed-navdha-shampoo
HR-SH-CB-250,https://nathabit.in/products/castor-blackseed-navdha-shampoo
HR-SH-CBCB-02,https://nathabit.in/products/castor-blackseed-shampoo-conditioner-combo
HR-SH-CC2-250,https://nathabit.in/products/curry-cider-navdha-shampoo
HR-SH-CC-250,https://nathabit.in/products/curry-cider-navdha-shampoo
HR-SH-CCCC-02,https://nathabit.in/products/curry-cider-shampoo-conditioner-combo
HR-SH-HB2-250,https://nathabit.in/products/hibiscus-navdha-shampoo
HR-SH-HB-250,https://nathabit.in/products/hibiscus-navdha-shampoo
HR-SH-HB-650,https://nathabit.in/products/hibiscus-navdha-shampoo
HR-SH-HBHB-02,https://nathabit.in/products/hibiscus-shampoo-conditioner-combo
HR-SH-NB-250,https://nathabit.in/products/anti-dandruff-navdha-shampoo
HR-SHO-CS-100,https://nathabit.in/products/curry-sesame-summer-hair-oil
HR-SHO-CS-200,https://nathabit.in/products/curry-sesame-summer-hair-oil
HR-SHO-HA-100,https://nathabit.in/products/hibiscus-amla-summer-hair-oil
HR-SHO-HA-200,https://nathabit.in/products/hibiscus-amla-summer-hair-oil
HR-SHO-HA3-100,
HR-SHO-HA4-100,
HR-SHO-HATL-02,
HR-SHO-MR-100,https://nathabit.in/products/mens-revital-summer-hair-oil
HR-SHO-MR-200,https://nathabit.in/products/mens-revital-summer-hair-oil
HR-SHO-NB-100,https://nathabit.in/products/neem-bhringraj-summer-hair-oil
HR-SHO-NB-200,https://nathabit.in/products/neem-bhringraj-summer-hair-oil
HR-SHO-OA-100,https://nathabit.in/products/olive-almond-summer-hair-oil
HR-SHO-OA-200,https://nathabit.in/products/olive-almond-summer-hair-oil
HR-SHO-SM-100,https://nathabit.in/products/soybean-methi-summer-hair-oil
HR-SHO-SM-200,https://nathabit.in/products/soybean-methi-summer-hair-oil
HR-SHO-TL-100,https://nathabit.in/products/crushed-tri-leaf-summer-hair-oil
HR-SHO-TL-200,https://nathabit.in/products/crushed-tri-leaf-summer-hair-oil
HR-SHO-TL2-200,
HR-SHO-TL3-100,
HR-SHO-TL4-100,
HR-SH-TR2-250,https://nathabit.in/products/tri-leaf-rosemary-navdha-shampoo
HR-SH-TR-250,https://nathabit.in/products/tri-leaf-rosemary-navdha-shampoo
HR-SH-TR-650,https://nathabit.in/products/tri-leaf-rosemary-navdha-shampoo
HR-SH-TRTR-02,https://nathabit.in/products/tri-leaf-rosemary-shampoo-conditioner-combo
LP-LB-BC-010,https://nathabit.in/products/beetroot-crush-lip-butter
LP-LB-BC2-010,https://nathabit.in/products/beetroot-crush-lip-butter
LP-LB-BC4-010,
LP-LB-BC8-010,
LP-LB-BG-010,https://nathabit.in/products/mens-black-grape-lip-butter
LP-LB-BG2-010,https://nathabit.in/products/mens-black-grape-lip-butter
LP-LB-KH-010,https://nathabit.in/products/kokum-honey-lip-butter
LP-LB-KH2-010,https://nathabit.in/products/kokum-honey-lip-butter
LP-LB-LL-010,https://nathabit.in/products/lemon-lavender-lip-butter
LP-LB-LL2-010,https://nathabit.in/products/lemon-lavender-lip-butter
LP-LB-MR-010,https://nathabit.in/products/mint-rosehip-lip-butter
LP-LB-MR2-010,https://nathabit.in/products/mint-rosehip-lip-butter
LP-LB-OM-010,https://nathabit.in/products/orange-marigold-lip-butter
LP-LB-OM2-010,https://nathabit.in/products/orange-marigold-lip-butter
LP-LB-PR-010,https://nathabit.in/products/pomegranate-rose-lip-butter
LP-LB-PR2-010,https://nathabit.in/products/pomegranate-rose-lip-butter
LP-LM-BR-012,https://nathabit.in/products/beetroot-rose-lip-mura
LP-LM-BR-020,https://nathabit.in/products/beetroot-rose-lip-mura
LP-LM-CC-012,https://nathabit.in/products/coco-cinnamon-lip-mura
LP-LM-CC-020,https://nathabit.in/products/coco-cinnamon-lip-mura
LP-LM-SC-012,https://nathabit.in/products/strawberry-crush-lip-mura
LP-LM-SC-020,https://nathabit.in/products/strawberry-crush-lip-mura
LP-LM-ZO-012,https://nathabit.in/products/zesty-orange-lip-mura
LP-LM-ZO-020,https://nathabit.in/products/zesty-orange-lip-mura
RL-FC-FW-BUPA-050,
SL-GR-GP-050,
SL-GR-GP2-050,https://nathabit.in/products/gulaab-e-preet
SL-GR-GPN2-200,https://nathabit.in/products/holi-neem-and-gulaab-gulaal-raas
SL-GR-GPNM-050,https://nathabit.in/products/holi-neem-and-gulaab-gulaal-raas
SL-GR-JJ-050,
SL-GR-JJ2-050,https://nathabit.in/products/jamuni-jashn-gulaal-raas
SL-GR-JJGP-050,https://nathabit.in/products/jamuni-gulaab
SL-GR-JJMC050,https://nathabit.in/products/jamuni-marigold
SL-GR-JJNM050,https://nathabit.in/products/jamuni-neem
SL-GR-MC-050,
SL-GR-MC2-050,https://nathabit.in/products/marigold
SL-GR-MCG2-200,https://nathabit.in/products/marigold-gulaab-gulaal
SL-GR-MCGP-050,https://nathabit.in/products/marigold-gulaab-gulaal
SL-GR-MCN2-200,https://nathabit.in/products/neem-marigold-gulaal
SL-GR-MCNM-050,https://nathabit.in/products/neem-marigold-gulaal
SL-GR-NM-050,
SL-GR-NM2-050,https://nathabit.in/products/neem-mauj
SL-GR-NMJJMCGP-050,https://nathabit.in/products/rang-bahaar-gulaal-raas
SL-GR-RB2-400,
SL-GR-TC2-050,
SL-GR-TCG2-200,
SL-PC-AG2-070,https://nathabit.in/products/apple-gleam-candles
SL-PC-CB-090,https://nathabit.in/products/cherry-bloom-candle
SL-PC-CB2-090,https://nathabit.in/products/cherry-bloom-candle
SL-PC-JH2-090,
SL-PC-LC-090,
SL-PC-MS2-070,https://nathabit.in/products/marigold-spark-candles
SL-PC-NL2-070,https://nathabit.in/products/nature-light-candle
SL-PC-SN2-070,https://nathabit.in/products/starry-night-candles
FT-FS-CR4-050,
FT-FS-LU2-050,https://nathabit.in/products/lavender-unwind-foot-salt
FT-FS-LU4-050,
HR-CB-IPRA-02,https://nathabit.in/products/combo-hair-colouring
HR-HE-RA2-250,https://nathabit.in/products/fresh-henna-paste
HR-HE-RA-250,
HR-HE-RA2H-85,https://nathabit.in/products/hufa-pigment-indigo-powder-ready-to-apply-henna-paste
HR-HE-RA3-250,
HR-HE-RA4-250,https://nathabit.in/products/henna-paste-4
HR-HE-RA5-250,
HR-HE-RASB-03,https://nathabit.in/products/fresh-henna-and-henna-boost-oil-combo
HR-HE-RASB-05,https://nathabit.in/products/fresh-henna-and-henna-boost-oil-combo
HR-HE-RT2-060,https://nathabit.in/products/ready-to-apply-henna-root-touch-up-paste
HR-CN-NG-150,https://nathabit.in/products/neem-nutri-conditioner-for-dandruff-stressed-hair
FC-HP-BHP-100,https://nathabit.in/products/100-pure-beetroot-pulp-powder
HR-SH-ON-250,https://nathabit.in/products/anti-hairfall-onion-shampoo
BC-CPS-NLTB3-125,
FK-HR-SH-ON-300,
FK-HR-SH-ON-100,
BC-CPS-NLHL3-125,
