nh_sku,channel_sku,nykaa_product_id,master_status,mrp,master_shelf_life_days,pdp_url
AC-KNC-DNWT-03,AC-KNC-DNWT-03,6546340,Active,705,360,https://www.nykaa.com/x/p/6546340?productId=6546340
AC-KNC-NT-00,AC-KNC-NT-00,6546339,Active,235,360,https://www.nykaa.com/x/p/6546339?productId=6546339
AC-KNC-FTSS-00,AC-KNC-FTSS-00,12917341,Active,199,360,https://www.nykaa.com/x/p/12917341?productId=12917341
AC-KNC-WTB-00,AC-KNC-WTB-00,12917343,Active,199,360,https://www.nykaa.com/x/p/12917343?productId=12917343
FC-KL-OK2-040,FC-KL-OK2-040,10346726,Active,522,60,https://www.nykaa.com/x/p/10346726?productId=10346726
FC-KL-GK2-040,FC-KL-GK2-040,10346723,Active,546,60,https://www.nykaa.com/x/p/10346723?productId=10346723
BC-CP-SE-200,BC-CP-SE-200,10346738,Active,317.42,180,https://www.nykaa.com/x/p/10346738?productId=10346738
BC-CP-WA-030,BC-CP-WA-030,10346739,Active,423.62,180,https://www.nykaa.com/x/p/10346739?productId=10346739
CB-ML-TLFJ-02,CB-ML-TLFJ-02,10346731,Active,819,180,https://www.nykaa.com/x/p/10346731?productId=10346731
BC-SM-MNS-120,BC-SM-MNS-120,10346740,Active,407,270,https://www.nykaa.com/x/p/10346740?productId=10346740
FC-KL-CN2-040,FC-KL-CN2-040,10346721,Active,572,60,https://www.nykaa.com/x/p/10346721?productId=10346721
CB-ML-SGFJ-02,CB-ML-SGFJ-02,10346730,Active,848,180,https://www.nykaa.com/x/p/10346730?productId=10346730
CB-SM-FRDC-02,CB-SM-FRDC-02,10346732,Active,838,270,https://www.nykaa.com/x/p/10346732?productId=10346732
BC-SM-MNS2-120,BC-SM-MNS2-100,10346741,Active,814,270,https://www.nykaa.com/x/p/10346741?productId=10346741
FC-KL-KA2-040,FC-KL-KA2-040,10346724,Active,546,60,https://www.nykaa.com/x/p/10346724?productId=10346724
BC-CP-AR-030,BC-CP-AR-030,10346735,Active,612,180,https://www.nykaa.com/x/p/10346735?productId=10346735
FC-HG-OK2-080,FC-HG-OK2-080,10590822,Active,554.6,270,https://www.nykaa.com/x/p/10590822?productId=10590822
FC-HG-BT2-080,FC-HG-BT2-080,10590819,Active,531,270,https://www.nykaa.com/x/p/10590819?productId=10590819
FC-HG-PA2-080,FC-HG-PA2-080,10590821,Active,482,270,https://www.nykaa.com/x/p/10590821?productId=10590821
FC-HG-OV2-080,FC-HG-OV2-080,10590823,Active,554.6,270,https://www.nykaa.com/x/p/10590823?productId=10590823
FC-HG-RT2-080,FC-HG-RT2-080,10590817,Active,531,270,https://www.nykaa.com/x/p/10590817?productId=10590817
FC-HG-NT2-080,FC-HG-NT2-080,10590820,Active,540.44,270,https://www.nykaa.com/x/p/10590820?productId=10590820
BC-PO-AL-100,BC-PO-AL-100,10744909,Active,589,180,https://www.nykaa.com/x/p/10744909?productId=10744909
BC-PO-AL-50,BC-PO-AL-50,10744910,Active,330,180,https://www.nykaa.com/x/p/10744910?productId=10744910
BA-PBO-VCO-100,BA-PBO-VCO-100-MY,10835160,Active,317,180,https://www.nykaa.com/x/p/10835160?productId=10835160
BA-PBO-OL-100,BA-PBO-OL-100,10835158,Active,306,180,https://www.nykaa.com/x/p/10835158?productId=10835158
BA-PBO-VCO-200,BA-PBO-VCO-200,10835159,Active,605,180,https://www.nykaa.com/x/p/10835159?productId=10835159
BA-PBO-AL-100,BA-PBO-AL-100,10835162,Active,660,180,https://www.nykaa.com/x/p/10835162?productId=10835162
BA-PBO-OL-200,BA-PBO-OL-200,10835157,Active,553,180,https://www.nykaa.com/x/p/10835157?productId=10835157
BA-PBO-AL-200,BA-PBO-AL-200,10835161,Active,1248,180,https://www.nykaa.com/x/p/10835161?productId=10835161
FC-EM-FG3-025,FC-EM-FG3-025,12049449,Active,336,60,https://www.nykaa.com/x/p/12049449?productId=12049449
FC-EM-PC3-025,FC-EM-PC3-025,12049448,Active,336,60,https://www.nykaa.com/x/p/12049448?productId=12049448
FC-EM-HS3-025,FC-EM-HS3-025,12049452,Active,336,60,https://www.nykaa.com/x/p/12049452?productId=12049452
FC-EM-CN3-025,FC-EM-CN3-025,12049447,Active,336,60,https://www.nykaa.com/x/p/12049447?productId=12049447
FC-EM-NML3-025,FC-EM-NML3-025,12049451,Active,336,60,https://www.nykaa.com/x/p/12049451?productId=12049451
FC-EM-UJ3-025,FC-EM-UJ3-025,12049450,Active,336,60,https://www.nykaa.com/x/p/12049450?productId=12049450
FC-FW-MVGL-100,FC-FW-MVGL-100,12107180,Active,312,270,https://www.nykaa.com/x/p/12107180?productId=12107180
FC-FW-BNGL-100,FC-FW-BNGL-100,12107177,Active,335,270,https://www.nykaa.com/x/p/12107177?productId=12107177
FC-FW-PBCR-100,FC-FW-PBCR-100,12107179,Active,317,270,https://www.nykaa.com/x/p/12107179?productId=12107179
FC-FW-MVCR-100,FC-FW-MVCR-100,12107181,Active,317,270,https://www.nykaa.com/x/p/12107181?productId=12107181
BC-HM-CBB2-030,BC-HM-CBB2-025,12119063,Active,516,270,https://www.nykaa.com/x/p/12119063?productId=12119063
BC-HM-4BM-030,BC-HM-4BM-025,12119064,Active,270,270,https://www.nykaa.com/x/p/12119064?productId=12119064
BC-HM-TRL2-030,BC-HM-TRL2-025,12119061,Active,516,270,https://www.nykaa.com/x/p/12119061?productId=12119061
LP-LB-KH2-010,LP-LB-KH2-010,12119071,Active,623.04,270,https://www.nykaa.com/x/p/12119071?productId=12119071
BC-HM-BVE-030,BC-HM-BVE-025,12119062,Active,235,270,https://www.nykaa.com/x/p/12119062?productId=12119062
CB-CPS-MC2-125,CB-CPS-MC2-125,12119067,Active,434,360,https://www.nykaa.com/x/p/12119067?productId=12119067
BC-HM-MCY2-030,BC-HM-MCY2-025,12119058,Active,494,270,https://www.nykaa.com/x/p/12119058?productId=12119058
BC-HM-MCY-030,BC-HM-MCY-025,12119065,Active,247,270,https://www.nykaa.com/x/p/12119065?productId=12119065
BC-HM-TRL-030,BC-HM-TRL-025,12119059,Active,258,270,https://www.nykaa.com/x/p/12119059?productId=12119059
CB-CPS-MO2-125,CB-CPS-MO2-125,12119069,Active,434,360,https://www.nykaa.com/x/p/12119069?productId=12119069
LP-LB-BG2-010,LP-LB-BG2-010,12119074,Active,519.2,270,https://www.nykaa.com/x/p/12119074?productId=12119074
LP-LB-OM2-010,LP-LB-OM2-010,12119072,Active,623.04,270,https://www.nykaa.com/x/p/12119072?productId=12119072
BA-BP-RHSC-150,BA-BP-RHSC-150,12424325,Active,540,360,https://www.nykaa.com/x/p/12424325?productId=12424325
BA-BP-SC2-150,BA-BP-SC2-150,12424326,Active,540,360,https://www.nykaa.com/x/p/12424326?productId=12424326
BA-WMA-BS-200,BA-WMA-BS-200,12424328,Active,784,180,https://www.nykaa.com/x/p/12424328?productId=12424328
BA-BP-RH2-150,BA-BP-RH2-150,12424324,Active,540,360,https://www.nykaa.com/x/p/12424324?productId=12424324
FC-FW-RCCR-100,FC-FW-RCCR-100,12711473,Active,288,270,https://www.nykaa.com/x/p/12711473?productId=12711473
FC-FW-RCGL-100,FC-FW-RCGL-100,12711472,Active,282,270,https://www.nykaa.com/x/p/12711472?productId=12711472
AC-KNC-WTSL-00,AC-KNC-WTSL-00,12917340,Active,235,360,https://www.nykaa.com/x/p/12917340?productId=12917340
AC-KNC-FTP2-00,AC-KNC-FTP2-00,12917344,Active,304,360,https://www.nykaa.com/x/p/12917344?productId=12917344
AC-KNC-WTSS-00,AC-KNC-WTSS-00,12917342,Active,199,360,https://www.nykaa.com/x/p/12917342?productId=12917342
AC-KNC-FTSL-00,AC-KNC-FTSL-00,12917339,Active,235,360,https://www.nykaa.com/x/p/12917339?productId=12917339
FC-FW-BUPA-100,FC-FW-BUPA-100,13077001,Active,317,270,https://www.nykaa.com/x/p/13077001?productId=13077001
BC-BL-RFR-250,BC-BL-RFR-250MY,13329692,Active,443,270,https://www.nykaa.com/x/p/13329692?productId=13329692
CB-BA-BNBMSCCM-04,CB-BA-BNBMSCCM-04,13353233,Active,2654,60,https://www.nykaa.com/x/p/13353233?productId=13353233
CB-BA-BSBM-02,CB-BA-BSBM-02,13353232,Active,870,180,https://www.nykaa.com/x/p/13353232?productId=13353232
FC-AC-AC-050,FC-AC-AC-050MY,13429648,Active,506,270,https://www.nykaa.com/x/p/13429648?productId=13429648
FC-AC-NT-050,FC-AC-NT-050MY,13429649,Active,459,270,https://www.nykaa.com/x/p/13429649?productId=13429649
FC-AC-BT-050,FC-AC-BT-050MY,13429652,Active,459,270,https://www.nykaa.com/x/p/13429652?productId=13429652
FC-AC-OV-050,FC-AC-OV-050MY,13429651,Active,471,270,https://www.nykaa.com/x/p/13429651?productId=13429651
BC-EO-PE-015,BC-EO-PE-015,13507823,Active,335.12,360,https://www.nykaa.com/x/p/13507823?productId=13507823
BC-EO-EU-015,BC-EO-EU-015,13507822,Active,335.12,360,https://www.nykaa.com/x/p/13507822?productId=13507822
BC-EO-LV-015,BC-EO-LV-015,13507824,Active,464.92,360,https://www.nykaa.com/x/p/13507824?productId=13507824
BC-EO-TT-015,BC-EO-TT-015,13507825,Active,476.72,360,https://www.nykaa.com/x/p/13507825?productId=13507825
EC-UE-FNC-020,EC-UE-FNC-020,13750224,Active,388.22,180,https://www.nykaa.com/x/p/13750224?productId=13750224
CB-NM-HBUP-03,CB-NM-HBUP-03,14181914,Active,612,90,https://www.nykaa.com/x/p/14181914?productId=14181914
CB-NM-TBUP-03,CB-NM-TBUP-03,14181915,Active,577,90,https://www.nykaa.com/x/p/14181915?productId=14181915
CB-RA2-RBUP-100,CB-RA2-RBUP-100,14189679,Active,741,45,https://www.nykaa.com/x/p/14189679?productId=14189679
CB-RA2-RTLN-03,CB-RA2-RTLN-03,14189683,Active,681,45,https://www.nykaa.com/x/p/14189683?productId=14189683
CB-RA2-RTLO-02,CB-RA2-RTLO-02,14189681,Active,774,45,https://www.nykaa.com/x/p/14189681?productId=14189681
CB-RA2-RHBN-03,CB-RA2-RHBN-03,14189682,Active,716,45,https://www.nykaa.com/x/p/14189682?productId=14189682
CB-RA2-RHCA-02,CB-RA2-RHCA-02,14189684,Active,797,45,https://www.nykaa.com/x/p/14189684?productId=14189684
FC-KL-CN-040,FC-KL-CN-040,14518574,Active,286,60,https://www.nykaa.com/x/p/14518574?productId=14518574
FC-FW-BUPA-100,FC-FW-BUPA-100,14518575,Active,317,270,https://www.nykaa.com/x/p/14518575?productId=14518575
LP-LM-BR-012,LP-LM-BR-012,15120005,Active,303.26,180,https://www.nykaa.com/x/p/15120005?productId=15120005
FC-EM-PC-025,FC-EM-PC-025,15120007,Active,112,60,https://www.nykaa.com/x/p/15120007?productId=15120007
CB-NM-TLCN-03,CB-NM-TLCN-03,15184268,Active,510,60,https://www.nykaa.com/x/p/15184268?productId=15184268
CB-KNC-DTCA-02,CB-KNC-DTCA-02,15184271,Active,611,180,https://www.nykaa.com/x/p/15184271?productId=15184271
CB-NM-HBCN-03,CB-NM-HBCN-03,15184264,Active,545,60,https://www.nykaa.com/x/p/15184264?productId=15184264
CB-KNC-DTVC-02,CB-KNC-DTVC-02,15184272,Active,576,180,https://www.nykaa.com/x/p/15184272?productId=15184272
CB-KNC-WTCA-02,CB-KNC-WTCA-02,15184273,Active,611,180,https://www.nykaa.com/x/p/15184273?productId=15184273
CB-RA2-RHCO-02,CB-RA2-RHCO-02,15184266,Active,845,45,https://www.nykaa.com/x/p/15184266?productId=15184266
CB-SHO-HABC-02,CB-SHO-HABC-02,15184267,Active,724,180,https://www.nykaa.com/x/p/15184267?productId=15184267
CB-KNC-WTVC-02,CB-KNC-WTVC-02,15184274,Active,576,180,https://www.nykaa.com/x/p/15184274?productId=15184274
CB-CP-CARM-02,CB-CP-CARM-02,15184278,Active,794,180,https://www.nykaa.com/x/p/15184278?productId=15184278
CB-CP-CORM-02,CB-CP-CORM-02,15184277,Active,842,180,https://www.nykaa.com/x/p/15184277?productId=15184277
CB-KNC-DARH-02,CB-KNC-DARH-02,15184275,Active,600,180,https://www.nykaa.com/x/p/15184275?productId=15184275
CB-RA2-RARH-02,CB-RA2-RARH-02,15184276,Active,786,45,https://www.nykaa.com/x/p/15184276?productId=15184276
HR-SHO-HATL-03,HR-SHO-HATL-03,15184265,Active,654,90,https://www.nykaa.com/x/p/15184265?productId=15184265
FT-FS-CR4-050,FT-FS-CR4-050,15227366,Active,401.2,45,https://www.nykaa.com/x/p/15227366?productId=15227366
BC-HM-4BM2-030,BC-HM-4BM2-025,15227853,Active,540,270,https://www.nykaa.com/x/p/15227853?productId=15227853
BC-HM-CBB-030,BC-HM-CBB-025,15227854,Active,258,270,https://www.nykaa.com/x/p/15227854?productId=15227854
BA-PBO-OLSC-02,BA-PBO-OLSC-02,15488010,Active,576,180,https://www.nykaa.com/x/p/15488010?productId=15488010
BA-PBO-ALBM-02,BA-PBO-ALBM-02,15488012,Active,1095,180,https://www.nykaa.com/x/p/15488012?productId=15488012
BA-PBO-ALSC-02,BA-PBO-ALSC-02,15488011,Active,930,180,https://www.nykaa.com/x/p/15488011?productId=15488011
BA-PBO-OLBM-02,BA-PBO-OLBM-02,15488013,Active,741,180,https://www.nykaa.com/x/p/15488013?productId=15488013
BA-SHO-BMSC-02,BA-SHO-BMSC-02,15488009,Active,705,180,https://www.nykaa.com/x/p/15488009?productId=15488009
CB-HO-HHBN-03,CB-HO-HHBN-03,15714758,Active,689,90,https://www.nykaa.com/x/p/15714758?productId=15714758
CB-RA2-RMRN-03,CB-RA2-RMRN-03,15714760,Active,751,45,https://www.nykaa.com/x/p/15714760?productId=15714760
CB-RA2-RCSN-03,CB-RA2-RCSN-03,15714757,Active,716,45,https://www.nykaa.com/x/p/15714757?productId=15714757
CB-RA2-RPA-02,CB-RA2-RPA-02,15714759,Active,662,45,https://www.nykaa.com/x/p/15714759?productId=15714759
CB-RA2-RRT-03,CB-RA2-RRT-03,15714754,Active,621,45,https://www.nykaa.com/x/p/15714754?productId=15714754
CB-RA2-RNTL-03,CB-RA2-RNTL-03,15714756,Active,554,45,https://www.nykaa.com/x/p/15714756?productId=15714756
CB-RA2-RTK-02,CB-RA2-RTK-02,15714761,Active,671,45,https://www.nykaa.com/x/p/15714761?productId=15714761
HR-PHO-SB-050,HR-PHO-SB-050,17694100,Active,206.5,180,https://www.nykaa.com/x/p/17694100?productId=17694100
HR-HE-RASB-03,HR-HE-RASB-03,17694097,Active,628,45,https://www.nykaa.com/x/p/17694097?productId=17694097
HR-HE-RTSB-03,HR-HE-RTSB-03,17694099,Active,407,45,https://www.nykaa.com/x/p/17694099?productId=17694099
HR-HE-RASB-05,HR-HE-RASB-05,17694098,Active,1055,45,https://www.nykaa.com/x/p/17694098?productId=17694098
BC-CPS-NLTB-020,8940000000000.0,21586372,Active,75,360,https://www.nykaa.com/x/p/21586372?productId=21586372
FC-FW-BUPA-007,8940000000000.0,21593939,Active,15,270,https://www.nykaa.com/x/p/21593939?productId=21593939
BA-BM-TC2-120,BA-BM-TC2-120,22859958,Active,948,270,https://www.nykaa.com/x/p/22859958?productId=22859958
BA-BM-AD2-120,BA-BM-AD2-120,22859960,Active,996,270,https://www.nykaa.com/x/p/22859960?productId=22859960
BA-BM-TCAL-02,8910000000000.0,22859959,Active,1134,180,https://www.nykaa.com/x/p/22859959?productId=22859959
FC-HHDM-TV-050,FC-HHDM-TV-050,25679202,Active,439,180,https://www.nykaa.com/x/p/25679202?productId=25679202
HR-SH-NB-250,B0GQB882ZB,27111345,Active,525,360,https://www.nykaa.com/x/p/27111345?productId=27111345
AC-SDL-LO2-00,AC-SDL-LO2-00,7307766,Active,278.48,360,https://www.nykaa.com/x/p/7307766?productId=7307766
AC-PFR-PS2-00,AC-PFR-PS2-00,7301232,Active,389.4,360,https://www.nykaa.com/x/p/7301232?productId=7301232
FT-PFU-TO2-040,FT-PFU-TO2-040,7301234,Active,271.4,60,https://www.nykaa.com/x/p/7301234?productId=7301234
FT-PFU-3P2-040,FT-PFU-3P2-040,7301236,Active,283.2,60,https://www.nykaa.com/x/p/7301236?productId=7301236
HR-NM-TL3-040,HR-NM-TL3-040,6546331,Active,390,90,https://www.nykaa.com/x/p/6546331?productId=6546331
HR-NM-NB3-040,HR-NM-NB3-040,6546335,Active,390,90,https://www.nykaa.com/x/p/6546335?productId=6546335
HR-NM-CS3-040,HR-NM-CS3-040,6546333,Active,444,90,https://www.nykaa.com/x/p/6546333?productId=6546333
HR-NM-MR3-040,HR-NM-MR3-040,6546330,Active,495,90,https://www.nykaa.com/x/p/6546330?productId=6546330
HR-NM-HB3-040,HR-NM-HB3-040,6546334,Active,444,90,https://www.nykaa.com/x/p/6546334?productId=6546334
BC-CPS-NB2-125,BC-CPS-NB2-125,6546437,Active,434,360,https://www.nykaa.com/x/p/6546437?productId=6546437
BC-CPS-SS2-125,BC-CPS-SS2-125,6546439,Active,434,360,https://www.nykaa.com/x/p/6546439?productId=6546439
FC-FL-MO3-100,FC-FL-MO3-100,6546364,Active,774,270,https://www.nykaa.com/x/p/6546364?productId=6546364
FC-FL-GU3-100,FC-FL-GU3-100,6546366,Active,774,270,https://www.nykaa.com/x/p/6546366?productId=6546366
HR-HB-HB-025,HR-HB-HB-025,6884510,Active,388,180,https://www.nykaa.com/x/p/6884510?productId=6884510
LP-LM-BR-020,LP-LM-BR-020,7025353,Active,404.74,180,https://www.nykaa.com/x/p/7025353?productId=7025353
HR-NM-CS2-040,HR-NM-CS2-040,7301197,Active,295,90,https://www.nykaa.com/x/p/7301197?productId=7301197
LP-LB-OM-010,LP-LB-OM-010,6884335,Active,311.52,270,https://www.nykaa.com/x/p/6884335?productId=6884335
HR-HB-AM-025,HR-HB-AM-025,6884509,Active,365,180,https://www.nykaa.com/x/p/6884509?productId=6884509
HR-NM-TL2-040,HR-NM-TL2-040,7301195,Active,260,90,https://www.nykaa.com/x/p/7301195?productId=7301195
HR-NM-NB2-040,HR-NM-NB2-040,7301196,Active,260,90,https://www.nykaa.com/x/p/7301196?productId=7301196
FC-FL-LA3-100,FC-FL-LA3-100,6546362,Active,774,270,https://www.nykaa.com/x/p/6546362?productId=6546362
LP-LM-ZO-020,LP-LM-ZO-020,7025354,Active,357.54,180,https://www.nykaa.com/x/p/7025354?productId=7025354
HR-NM-MR2-040,HR-NM-MR2-040,7301199,Active,330,90,https://www.nykaa.com/x/p/7301199?productId=7301199
BC-CPS-EO2-125,BC-CPS-EO2-125,6546433,Active,434,360,https://www.nykaa.com/x/p/6546433?productId=6546433
BC-CPS-WA2-125,BC-CPS-WA2-125,6546441,Active,434,360,https://www.nykaa.com/x/p/6546441?productId=6546441
HR-NM-HB2-040,HR-NM-HB2-040,7307765,Active,295,90,https://www.nykaa.com/x/p/7307765?productId=7307765
BC-CPS-TO2-125,BC-CPS-TO2-125,6546435,Active,434,360,https://www.nykaa.com/x/p/6546435?productId=6546435
BC-CPS-DC2-125,BC-CPS-DC2-125,6546431,Active,434,360,https://www.nykaa.com/x/p/6546431?productId=6546431
HR-SHO-TL-100,HR-SHO-TL-100,5288592,Active,353,180,https://www.nykaa.com/x/p/5288592?productId=5288592
HR-SHO-CS-100,HR-SHO-CS-100,5288596,Active,382,180,https://www.nykaa.com/x/p/5288596?productId=5288596
FC-FL-LA-100,FC-FL-LA-100,6546361,Active,258,270,https://www.nykaa.com/x/p/6546361?productId=6546361
HR-AHO-OA-200,HR-AHO-OA-200,6546349,Active,655,180,https://www.nykaa.com/x/p/6546349?productId=6546349
LP-LB-KH-010,LP-LB-KH-010,6546367,Active,311.52,270,https://www.nykaa.com/x/p/6546367?productId=6546367
LP-LB-PR-010,LP-LB-PR-010,6546370,Active,311.52,270,https://www.nykaa.com/x/p/6546370?productId=6546370
BC-CPS-DC-125,BC-CPS-DC-125,6546430,Active,217,360,https://www.nykaa.com/x/p/6546430?productId=6546430
BC-CPS-WA-125,BC-CPS-WA-125,6546440,Active,217,360,https://www.nykaa.com/x/p/6546440?productId=6546440
HR-SHO-TL-200,HR-SHO-TL-200,6546344,Active,610,180,https://www.nykaa.com/x/p/6546344?productId=6546344
BC-CPS-SS-125,BC-CPS-SS-125,6546438,Active,217,360,https://www.nykaa.com/x/p/6546438?productId=6546438
BC-CPS-TO-125,BC-CPS-TO-125,6546434,Active,217,360,https://www.nykaa.com/x/p/6546434?productId=6546434
BC-CP-AL-100,BC-CP-AL-100,6546442,Active,825,180,https://www.nykaa.com/x/p/6546442?productId=6546442
BC-CPS-EO-125,BC-CPS-EO-125,6546432,Active,217,360,https://www.nykaa.com/x/p/6546432?productId=6546432
HR-NJ-HJ-200,HR-MJ-GT-200,6546328,Active,400,270,https://www.nykaa.com/x/p/6546328?productId=6546328
HR-SHO-NB-200,HR-SHO-NB-200,6546348,Active,610,180,https://www.nykaa.com/x/p/6546348?productId=6546348
LP-LB-BG-010,LP-LB-BG-010,6546355,Active,259.6,270,https://www.nykaa.com/x/p/6546355?productId=6546355
HR-SHO-HA-200,HR-SHO-HA-200,6546346,Active,696,180,https://www.nykaa.com/x/p/6546346?productId=6546346
HR-HB-AG-025,HR-HB-AG-025,6546336,Active,365,180,https://www.nykaa.com/x/p/6546336?productId=6546336
HR-AHO-OA-100,HR-AHO-OA-100,6546350,Active,376,180,https://www.nykaa.com/x/p/6546350?productId=6546350
FC-FL-GU-100,FC-FL-GU-100,6546365,Active,258,270,https://www.nykaa.com/x/p/6546365?productId=6546365
BC-CPS-MR-125,BC-CPS-MR-125,6546428,Active,217,360,https://www.nykaa.com/x/p/6546428?productId=6546428
HR-NJ-RJ-200,HR-MJ-RM-200,6546329,Active,400,270,https://www.nykaa.com/x/p/6546329?productId=6546329
BC-CPS-NB-125,BC-CPS-NB-125,6546436,Active,217,360,https://www.nykaa.com/x/p/6546436?productId=6546436
HR-SHO-CS-200,HR-SHO-CS-200,6546345,Active,673,180,https://www.nykaa.com/x/p/6546345?productId=6546345
LP-LB-BC-010,LP-LB-BC-010,6546353,Active,330.4,270,https://www.nykaa.com/x/p/6546353?productId=6546353
FC-FL-MO-100,FC-FL-MO-100,6546363,Active,258,270,https://www.nykaa.com/x/p/6546363?productId=6546363
HR-HE-RA2-250,HR-HE-RA2-250MY,6546343,Active,421,45,https://www.nykaa.com/x/p/6546343?productId=6546343
HR-SHO-MR-200,HR-SHO-MR-200,6546347,Active,696,180,https://www.nykaa.com/x/p/6546347?productId=6546347
BC-CP-VC-100,BC-CP-VC-100,6546448,Active,341,180,https://www.nykaa.com/x/p/6546448?productId=6546448
FC-ML-CMG-030,FC-ML-CMG-030,7301203,Active,506,180,https://www.nykaa.com/x/p/7301203?productId=7301203
BC-CP-AL-050,BC-CP-AL-050,6546443,Active,447,180,https://www.nykaa.com/x/p/6546443?productId=6546443
BC-EO-RM-015,BC-EO-RM-015,7301208,Active,417.72,360,https://www.nykaa.com/x/p/7301208?productId=7301208
BC-EO-TU-015,BC-EO-TU-015,7301210,Active,464.92,360,https://www.nykaa.com/x/p/7301210?productId=7301210
BC-CP-CO-200,BC-CP-CO-200,6546445,Active,424,180,https://www.nykaa.com/x/p/6546445?productId=6546445
BC-CP-NE-200,BC-CP-NE-200,6546446,Active,412,180,https://www.nykaa.com/x/p/6546446?productId=6546446
FC-ML-STR-030,FC-ML-STR-030,7301204,Active,590,180,https://www.nykaa.com/x/p/7301204?productId=7301204
BC-MA-TA-100,BC-MA-TA-100,7301213,Active,352.82,180,https://www.nykaa.com/x/p/7301213?productId=7301213
BC-EO-SO-015,BC-EO-SO-015,7301207,Active,346.92,360,https://www.nykaa.com/x/p/7301207?productId=7301207
BC-MA-TA-200,BC-MA-TA-200,7301214,Active,627.76,180,https://www.nykaa.com/x/p/7301214?productId=7301214
FT-PFU-TO-040,FT-PFU-TO-040,7301233,Active,135.7,60,https://www.nykaa.com/x/p/7301233?productId=7301233
BC-MA-GM-200,BC-MA-GM-200,7301212,Active,736.32,180,https://www.nykaa.com/x/p/7301212?productId=7301212
FC-ML-TRH-030,FC-ML-TRH-030,7301202,Active,561,180,https://www.nykaa.com/x/p/7301202?productId=7301202
FC-ML-LMR-030,FC-ML-LMR-030,7301205,Active,522,180,https://www.nykaa.com/x/p/7301205?productId=7301205
AC-PFR-PS-00,AC-PFR-PS-00,7301231,Active,194.7,360,https://www.nykaa.com/x/p/7301231?productId=7301231
FT-FS-LU2-050,FT-FS-LU2-050,7307767,Active,200.6,45,https://www.nykaa.com/x/p/7307767?productId=7307767
FC-ML-PMJ-030,FC-ML-PMJ-030,7301200,Active,578,180,https://www.nykaa.com/x/p/7301200?productId=7301200
BC-MA-GM-100,BC-MA-GM-100,7301211,Active,410.64,180,https://www.nykaa.com/x/p/7301211?productId=7301211
BC-MA-TM-100,BC-MA-TM-100,7301216,Active,352.82,180,https://www.nykaa.com/x/p/7301216?productId=7301216
FC-KL-CN-040,FC-KL-CN-040,7301219,Active,286,60,https://www.nykaa.com/x/p/7301219?productId=7301219
FC-KL-GK-040,FC-KL-GK-040-MY,7301224,Active,273,60,https://www.nykaa.com/x/p/7301224?productId=7301224
FC-DU-DR2-040,FC-DU-DR2-040,6884338,Active,284,60,https://www.nykaa.com/x/p/6884338?productId=6884338
LP-LM-BR-012,LP-LM-BR-012,6546354,Active,303.26,180,https://www.nykaa.com/x/p/6546354?productId=6546354
FC-DU-DR-040,FC-DU-DR-040,6546357,Active,142,60,https://www.nykaa.com/x/p/6546357?productId=6546357
FC-DU-SO-040,FC-DU-SO-040,6546360,Active,142,60,https://www.nykaa.com/x/p/6546360?productId=6546360
FC-KL-BM-040,FC-KL-BM-040,7301223,Active,261,60,https://www.nykaa.com/x/p/7301223?productId=7301223
FC-KL-OK-040,FC-KL-OK-040,7301225,Active,261,60,https://www.nykaa.com/x/p/7301225?productId=7301225
FC-KL-KA-040,FC-KL-KA-040,7301220,Active,273,60,https://www.nykaa.com/x/p/7301220?productId=7301220
FC-KL-TK-040,FC-KL-TK-040,7301227,Active,250,60,https://www.nykaa.com/x/p/7301227?productId=7301227
FC-KL-NA-040,FC-KL-NA-040,7301218,Active,250,60,https://www.nykaa.com/x/p/7301218?productId=7301218
FC-KL-PBC-040,FC-KL-PBC-040,7301222,Active,261,60,https://www.nykaa.com/x/p/7301222?productId=7301222
LP-LM-ZO-012,LP-LM-ZO-012,6546373,Active,267.86,180,https://www.nykaa.com/x/p/6546373?productId=6546373
AC-KNC-DNT-02,AC-KNC-DNT-02,6546338,Active,470,360,https://www.nykaa.com/x/p/6546338?productId=6546338
AC-KNC-WT-00,AC-KNC-WT-00,6546342,Active,235,360,https://www.nykaa.com/x/p/6546342?productId=6546342
AC-KNC-DWT-02,AC-KNC-DWT-02,6546341,Active,470,360,https://www.nykaa.com/x/p/6546341?productId=6546341
HR-SHO-HA-100,HR-SHO-HA-100,5288591,Active,394,180,https://www.nykaa.com/x/p/5288591?productId=5288591
BC-HM-BLMG-02,NH-VC-BVELMG-002,18018384,Active,470,270,https://www.nykaa.com/x/p/18018384?productId=18018384
CB-CPS-TLO-03,NH-VC-LOTO-002,18018379,Active,495.48,360,https://www.nykaa.com/x/p/18018379?productId=18018379
HR-HE-RASB-05,HR-HE-RASB-05,19030341,Active,1055,45,https://www.nykaa.com/x/p/19030341?productId=19030341
HR-HE-RASB-03,HR-HE-RASB-03,19030340,Active,628,45,https://www.nykaa.com/x/p/19030340?productId=19030340
FC-DM-PNR-02,NH-VC-NRPG-002,19030344,Active,802,180,https://www.nykaa.com/x/p/19030344?productId=19030344
CB-SHO-TTR-02,NH-VC-TLTR-002,19030346,Active,772,180,https://www.nykaa.com/x/p/19030346?productId=19030346
CB-SHO-HAB-02,NH-VC-HAHB-002,19030345,Active,825,180,https://www.nykaa.com/x/p/19030345?productId=19030345
CB-SH-HRA2-03,NH-VC-HBRA2-002,19030347,Active,835,360,https://www.nykaa.com/x/p/19030347?productId=19030347
HR-HE-RA2H-85,HR-HE-RA2H-85,20583580,Active,767,45,https://www.nykaa.com/x/p/20583580?productId=20583580
HR-HE-RT2-060,HR-HE-RT2-060,12957540,Active,200,45,https://www.nykaa.com/x/p/12957540?productId=12957540
HR-SH-CB-250,HR-SH-CB-250,15766752,Active,419,360,https://www.nykaa.com/x/p/15766752?productId=15766752
HR-SH-HB-250,HR-SH-HB-250,15766748,Active,431,360,https://www.nykaa.com/x/p/15766748?productId=15766748
HR-SH-AP-250,HR-SH-AP-250,15766751,Active,419,360,https://www.nykaa.com/x/p/15766751?productId=15766751
HR-SH-CC-250,HR-SH-CC-250,15766749,Active,411,360,https://www.nykaa.com/x/p/15766749?productId=15766749
HR-SH-TR-250,HR-SH-TR-250,15766750,Active,419,360,https://www.nykaa.com/x/p/15766750?productId=15766750
HR-SH-APAP-02,HR-SH-APAP-02,16481541,Active,766,360,https://www.nykaa.com/x/p/16481541?productId=16481541
HR-CN-CC-150,HR-CN-CC-150,16481534,Active,340,360,https://www.nykaa.com/x/p/16481534?productId=16481534
HR-CN-TR-150,HR-CN-TR-150,16481535,Active,347,360,https://www.nykaa.com/x/p/16481535?productId=16481535
HR-SH-TRTR-02,HR-SH-TRTR-02,16481540,Active,766,360,https://www.nykaa.com/x/p/16481540?productId=16481540
HR-SH-HBHB-02,HR-SH-HBHB-02,16481538,Active,790,360,https://www.nykaa.com/x/p/16481538?productId=16481538
HR-SH-CCCC-02,HR-SH-CCCC-02,16481539,Active,751,360,https://www.nykaa.com/x/p/16481539?productId=16481539
HR-SH-CBCB-02,HR-SH-CBCB-02,16481542,Active,766,360,https://www.nykaa.com/x/p/16481542?productId=16481542
HR-CN-CB-150,HR-CN-CB-150,16481537,Active,347,360,https://www.nykaa.com/x/p/16481537?productId=16481537
FC-ML-PMJ-015,FC-ML-PMJ-015,16532460,Active,388,180,https://www.nykaa.com/x/p/16532460?productId=16532460
FC-ML-CMG-015,FC-ML-CMG-015,16532463,Active,360,180,https://www.nykaa.com/x/p/16532463?productId=16532463
FC-ML-LMR-015,FC-ML-LMR-015,16532465,Active,367,180,https://www.nykaa.com/x/p/16532465?productId=16532465
FC-ML-TRH-015,FC-ML-TRH-015,16532462,Active,379,180,https://www.nykaa.com/x/p/16532462?productId=16532462
FC-ML-STR-015,FC-ML-STR-015,16532464,Active,395,180,https://www.nykaa.com/x/p/16532464?productId=16532464
FC-ML-WAR-015,FC-ML-WAR-015,16532461,Active,360,180,https://www.nykaa.com/x/p/16532461?productId=16532461
FC-CM-CKM-010,FC-CM-CKM-010,17983791,Active,1851,360,https://www.nykaa.com/x/p/17983791?productId=17983791
FC-CM-CEM-030,FC-CM-CEM--030,17983793,Active,690,360,https://www.nykaa.com/x/p/17983793?productId=17983793
FC-CM-CKM-015,FC-CM-CKM-015,17983792,Active,2743,360,https://www.nykaa.com/x/p/17983792?productId=17983792
FC-CM-CNM-030,FC-CM-CNM-030,17983794,Active,673,360,https://www.nykaa.com/x/p/17983794?productId=17983794
BC-EO-RM-030,BC-EO-RM-030,18008894,Active,814.2,360,https://www.nykaa.com/x/p/18008894?productId=18008894
BC-CP-JO-050,BC-CP-JO-050,18014999,Active,531,180,https://www.nykaa.com/x/p/18014999?productId=18014999
BC-CP-RH-030,BC-CP-RH-030,18158735,Active,571.12,180,https://www.nykaa.com/x/p/18158735?productId=18158735
BA-TRO-HS-040,BA-TRO-HS-040,18859366,Active,254,270,https://www.nykaa.com/x/p/18859366?productId=18859366
HR-HIP-IP-500,HR-HIP-IP-500,19029028,Active,1729,360,https://www.nykaa.com/x/p/19029028?productId=19029028
HR-HIP-IP-85,HR-HIP-IP-85,19029029,Active,346,360,https://www.nykaa.com/x/p/19029029?productId=19029029
HR-HIP-IP-170,HR-HIP-IP-170,19029030,Active,691,360,https://www.nykaa.com/x/p/19029030?productId=19029030
BA-BML-TC-200,BA-BML-TC-200,19398352,Active,479,270,https://www.nykaa.com/x/p/19398352?productId=19398352
BA-BM-TC-120,BA-BM-TC-120,19398354,Active,474,270,https://www.nykaa.com/x/p/19398354?productId=19398354
BA-BML-AD-200,BA-BML-AD-200,19398351,Active,503,270,https://www.nykaa.com/x/p/19398351?productId=19398351
BA-BM-AD-120,BA-BM-AD-120,19398353,Active,498,270,https://www.nykaa.com/x/p/19398353?productId=19398353
BC-CP-CA-100,BC-CP-CA-100,19944166,Active,266,180,https://www.nykaa.com/x/p/19944166?productId=19944166
HR-AHO-CC-200,HR-AHO-CC-200,20104177,Active,655,180,https://www.nykaa.com/x/p/20104177?productId=20104177
HR-AHO-OA-200,HR-AHO-OA-200,20104179,Active,655,180,https://www.nykaa.com/x/p/20104179?productId=20104179
HR-AHO-CC-100,HR-AHO-CC-100,20104176,Active,376,180,https://www.nykaa.com/x/p/20104176?productId=20104176
HR-AHO-OA-100,HR-AHO-OA-100,20104178,Active,376,180,https://www.nykaa.com/x/p/20104178?productId=20104178
BA-FM-MNO-075,BA-FM-MNO-075,20414556,Active,376,270,https://www.nykaa.com/x/p/20414556?productId=20414556
BA-DRC-PC-075,BR-DRC-PC-075,20414555,Active,407,360,https://www.nykaa.com/x/p/20414555?productId=20414555
BC-CPS-NLHL2-125,BC-CPS-NLHL2-125,22483651,Active,326,360,https://www.nykaa.com/x/p/22483651?productId=22483651
BC-CPS-NLTB2-125,BC-CPS-NLTB2-125,22483654,Active,326,360,https://www.nykaa.com/x/p/22483654?productId=22483654
BC-CPS-NLTB6-125,BC-CPS-NLTB6-125,22483656,Active,978,360,https://www.nykaa.com/x/p/22483656?productId=22483656
BC-CPS-NLHL4-125,BC-CPS-NLHL4-125,22483652,Active,652,360,https://www.nykaa.com/x/p/22483652?productId=22483652
BC-CPS-NLHL6-125,BC-CPS-NLHL6-125,22483653,Active,978,360,https://www.nykaa.com/x/p/22483653?productId=22483653
BC-CPS-NLTB4-125,BC-CPS-NLTB4-125,22483655,Active,652,360,https://www.nykaa.com/x/p/22483655?productId=22483655
BC-CB-AA-05,BC-CB-AA-05,24560739,Active,1744,180,https://www.nykaa.com/x/p/24560739?productId=24560739
HR-SH-TR-650,HR-SH-TR-650,24565948,Active,984,360,https://www.nykaa.com/x/p/24565948?productId=24565948
HR-CB-IPRA-02,HR-CB-IPRA-02,24571044,Active,558,45,https://www.nykaa.com/x/p/24571044?productId=24571044
CB-GS-AI-06,CB-GS-AI-06,9412199,Active,1617,270,https://www.nykaa.com/x/p/9412199?productId=9412199
CB-GS-AG-08,CB-GS-AG-08,9412195,Active,2419,45,https://www.nykaa.com/x/p/9412195?productId=9412195
CB-GS-AE-06,CB-GS-AE-06,9412198,Active,1676,60,https://www.nykaa.com/x/p/9412198?productId=9412198
CB-GS-AB-08,CB-GS-AB-08,9412194,Active,2443,45,https://www.nykaa.com/x/p/9412194?productId=9412194
CB-GS-AF-08,CB-GS-AF-08,9412196,Active,2325,45,https://www.nykaa.com/x/p/9412196?productId=9412196
CB-GS-AH-09,CB-GS-AH-09,9412197,Active,2289,45,https://www.nykaa.com/x/p/9412197?productId=9412197
BA-BU-CMA2-080,BA-BU-CMA2-080,9410700,Active,620,60,https://www.nykaa.com/x/p/9410700?productId=9410700
BC-SM-RFR-120,BC-SM-RFR-120,9412191,Active,407,270,https://www.nykaa.com/x/p/9412191?productId=9412191
BC-UU-LD3-040,BC-UU-LD3-040,7327773,Active,407.1,60,https://www.nykaa.com/x/p/7327773?productId=7327773
FC-EM-FG2-025,FC-EM-FG2-025,9412166,Active,224,60,https://www.nykaa.com/x/p/9412166?productId=9412166
AC-SDL-LO3-00,AC-SDL-LO3-00,9412200,Active,417.72,360,https://www.nykaa.com/x/p/9412200?productId=9412200
BC-HM-PWR2-030,BC-HM-PWR2-025,9412204,Active,494,270,https://www.nykaa.com/x/p/9412204?productId=9412204
BC-BU-MR3-080,BC-BU-MR3-080,7327761,Active,723,60,https://www.nykaa.com/x/p/7327761?productId=7327761
AC-SDL-LO4-00,AC-SDL-LO4-00,9412201,Active,556.96,360,https://www.nykaa.com/x/p/9412201?productId=9412201
BA-BU-MN-080,BA-BU-MN-080,9410695,Active,337,60,https://www.nykaa.com/x/p/9410695?productId=9410695
BC-HM-LMG-030,BC-HM-LMG-025,9412202,Active,235,270,https://www.nykaa.com/x/p/9412202?productId=9412202
BC-UU-RP3-040,BC-UU-RP3-040,7327769,Active,442.5,60,https://www.nykaa.com/x/p/7327769?productId=7327769
BA-BU-CMA-080,BA-BU-CMA-080,9410699,Active,310,60,https://www.nykaa.com/x/p/9410699?productId=9410699
BC-HM-PWR-030,BC-HM-PWR-025,9412205,Active,247,270,https://www.nykaa.com/x/p/9412205?productId=9412205
BC-BU-TB3-080,BC-BU-TB3-080,7327763,Active,723,60,https://www.nykaa.com/x/p/7327763?productId=7327763
BC-BU-NC3-080,BC-BU-NC3-080,7327765,Active,723,60,https://www.nykaa.com/x/p/7327765?productId=7327765
BA-BU-MN2-080,BA-BU-MN2-080,9410696,Active,674,60,https://www.nykaa.com/x/p/9410696?productId=9410696
BA-BU-GG2-080,BA-BU-GG2-080,9410698,Active,568,60,https://www.nykaa.com/x/p/9410698?productId=9410698
BC-SM-MNS2-120,BC-SM-MNS2-100,9412187,Active,814,270,https://www.nykaa.com/x/p/9412187?productId=9412187
BC-SM-CID2-120,BC-SM-CID2-120,9412190,Active,862,270,https://www.nykaa.com/x/p/9412190?productId=9412190
BC-BU-MN3-080,BC-BU-MN3-080,7327767,Active,723,60,https://www.nykaa.com/x/p/7327767?productId=7327767
BC-SM-RFR2-120,BC-SM-RFR2-120,9412192,Active,814,270,https://www.nykaa.com/x/p/9412192?productId=9412192
BA-BU-GG-080,BA-BU-GG-080,9410697,Active,284,60,https://www.nykaa.com/x/p/9410697?productId=9410697
BC-SM-CID-120,BC-SM-CID-120,9412189,Active,431,270,https://www.nykaa.com/x/p/9412189?productId=9412189
BC-HM-LMG2-030,BC-HM-LMG2-025,9412203,Active,470,270,https://www.nykaa.com/x/p/9412203?productId=9412203
HR-HO-TL-100,HR-HO-TL-100,9410689,Active,353,180,https://www.nykaa.com/x/p/9410689?productId=9410689
HR-HO-CS-100,HR-HO-CS-100,9410690,Active,382,180,https://www.nykaa.com/x/p/9410690?productId=9410690
HR-HO-MR-100,HR-HO-MR-100,9410693,Active,394,180,https://www.nykaa.com/x/p/9410693?productId=9410693
FC-DM-AA-030,FC-DM-AA-030,9412182,Active,401,180,https://www.nykaa.com/x/p/9412182?productId=9412182
FC-DM-NR-030,FC-DM-NR-030,9412183,Active,401,180,https://www.nykaa.com/x/p/9412183?productId=9412183
HR-HO-HA-100,HR-HO-HA-100,9410694,Active,394,180,https://www.nykaa.com/x/p/9410694?productId=9410694
FC-EM-UJ2-025,FC-EM-UJ2-025,9412168,Active,224,60,https://www.nykaa.com/x/p/9412168?productId=9412168
FC-CWDM-BT-030,FC-CWDM-BT-030,9412181,Active,364,180,https://www.nykaa.com/x/p/9412181?productId=9412181
FC-EM-NML2-025,FC-EM-NML2-025,9412167,Active,224,60,https://www.nykaa.com/x/p/9412167?productId=9412167
FC-HDDM-TR-030,FC-HDDM-TR-030,9412176,Active,364,180,https://www.nykaa.com/x/p/9412176?productId=9412176
HR-HO-NB-100,HR-HO-NB-100,9410692,Active,353,180,https://www.nykaa.com/x/p/9410692?productId=9410692
FC-HDDM-FB-030,FC-HDDM-FB-030,9412178,Active,377,180,https://www.nykaa.com/x/p/9412178?productId=9412178
FC-DM-DP-030,FC-DM-DP-030,9412184,Active,377,180,https://www.nykaa.com/x/p/9412184?productId=9412184
FC-HHDM-TV-030,FC-HHDM-TV-030,9412175,Active,364,180,https://www.nykaa.com/x/p/9412175?productId=9412175
FC-CWDM-FW-030,FC-CWDM-FW-030,9412179,Active,377,180,https://www.nykaa.com/x/p/9412179?productId=9412179
FC-HHDM-FC-030,FC-HHDM-FC-030,9412177,Active,377,180,https://www.nykaa.com/x/p/9412177?productId=9412177
FC-CWDM-TP-030,FC-CWDM-TP-030,9412180,Active,364,180,https://www.nykaa.com/x/p/9412180?productId=9412180
BC-SM-MNS-120,BC-SM-MNS-120,9412186,Active,407,270,https://www.nykaa.com/x/p/9412186?productId=9412186
FC-DM-PG-030,FC-DM-PG-030,9412185,Active,401,180,https://www.nykaa.com/x/p/9412185?productId=9412185
FC-EM-PC2-025,FC-EM-PC2-025,9412165,Active,224,60,https://www.nykaa.com/x/p/9412165?productId=9412165
FC-EM-HS2-025,FC-EM-HS2-025,9412169,Active,224,60,https://www.nykaa.com/x/p/9412169?productId=9412169
FC-HDDM-PT-030,FC-HDDM-PT-030,9412174,Active,380,180,https://www.nykaa.com/x/p/9412174?productId=9412174
FC-HHDM-GAT-030,FC-HHDM-GAT-030,9412173,Active,380,180,https://www.nykaa.com/x/p/9412173?productId=9412173
FC-EM-CN2-025,FC-EM-CN2-025,9412164,Active,224,60,https://www.nykaa.com/x/p/9412164?productId=9412164
BC-BU-MR-080,BC-BU-MR-080,7327760,Active,241,60,https://www.nykaa.com/x/p/7327760?productId=7327760
BC-BU-TB-080,BC-BU-TB-080,7327762,Active,241,60,https://www.nykaa.com/x/p/7327762?productId=7327762
BC-UU-LD-040,BC-UU-LD-040,7327772,Active,135.7,60,https://www.nykaa.com/x/p/7327772?productId=7327772
BC-BU-NC-080,BC-BU-NC-080,7327764,Active,241,60,https://www.nykaa.com/x/p/7327764?productId=7327764
BC-UU-RP-040,BC-UU-RP-040,7327768,Active,147.5,60,https://www.nykaa.com/x/p/7327768?productId=7327768
CB-GS-AC-06,CB-GS-BI-08,9977722,Active,1676,60,https://www.nykaa.com/x/p/9977722?productId=9977722
BC-SM-CID-200,BC-SM-CID-200,10360956,Active,679,270,https://www.nykaa.com/x/p/10360956?productId=10360956
BC-SM-RFR-200,BC-SM-RFR-200,10360955,Active,643,270,https://www.nykaa.com/x/p/10360955?productId=10360955
CB-KNC-DMNO-02,CB-KNC-DMNO-02,10346644,Active,629,180,https://www.nykaa.com/x/p/10346644?productId=10346644
CB-KNC-WOLO-02,CB-KNC-WOLO-02,10346655,Active,611,180,https://www.nykaa.com/x/p/10346655?productId=10346655
BC-BU-TB2-080,BC-BU-TB2-080,10346704,Active,482,60,https://www.nykaa.com/x/p/10346704?productId=10346704
HR-HE-RA4-250,HR-HE-RA4-250,10346641,Active,848,45,https://www.nykaa.com/x/p/10346641?productId=10346641
CB-KNC-WHBN-03,CB-KNC-WHBN-03,10346651,Active,530,90,https://www.nykaa.com/x/p/10346651?productId=10346651
BA-SHO-BM-110,BA-SHO-BM-110,10346697,Active,435,180,https://www.nykaa.com/x/p/10346697?productId=10346697
CB-KNC-WHBO-02,CB-KNC-WHBO-02,10346652,Active,629,180,https://www.nykaa.com/x/p/10346652?productId=10346652
CB-KNC-WTRA-02,CB-KNC-WTRA-02,10346658,Active,656,45,https://www.nykaa.com/x/p/10346658?productId=10346658
BA-BP-RH-150,BA-BP-RH-150,10346695,Active,270,360,https://www.nykaa.com/x/p/10346695?productId=10346695
CB-CPS-OS2-125,CB-CPS-OS2-125,10346711,Active,434,360,https://www.nykaa.com/x/p/10346711?productId=10346711
CB-KNC-DHBO-02,CB-KNC-DHBO-02,10346643,Active,629,180,https://www.nykaa.com/x/p/10346643?productId=10346643
CB-KNC-DTRA-02,CB-KNC-DTRA-02,10346650,Active,656,45,https://www.nykaa.com/x/p/10346650?productId=10346650
BC-BU-MR2-080,BC-BU-MR2-080,10346702,Active,482,60,https://www.nykaa.com/x/p/10346702?productId=10346702
CB-CPS-ST2-125,CB-CPS-ST2-125,10346712,Active,434,360,https://www.nykaa.com/x/p/10346712?productId=10346712
BC-UU-RP2-040,BC-UU-RP2-040,10346715,Active,295,60,https://www.nykaa.com/x/p/10346715?productId=10346715
CB-KNC-DMRN-03,CB-KNC-DMRN-03,10346645,Active,565,90,https://www.nykaa.com/x/p/10346645?productId=10346645
CB-KNC-DNBN-03,CB-KNC-DNBN-03,10346646,Active,494,90,https://www.nykaa.com/x/p/10346646?productId=10346646
CB-KNC-DTLO-02,CB-KNC-DTLO-02,10346649,Active,588,180,https://www.nykaa.com/x/p/10346649?productId=10346649
CB-KNC-WNBN-03,CB-KNC-WNBN-03,10346653,Active,494,90,https://www.nykaa.com/x/p/10346653?productId=10346653
CB-KNC-DHBN-03,CB-KNC-DHBN-03,10346642,Active,530,90,https://www.nykaa.com/x/p/10346642?productId=10346642
CB-KNC-WTLN-03,CB-KNC-WTLN-03,10346656,Active,494,90,https://www.nykaa.com/x/p/10346656?productId=10346656
CB-CPS-MS2-125,CB-CPS-MS2-125,10346707,Active,434,360,https://www.nykaa.com/x/p/10346707?productId=10346707
CB-CPS-MT2-125,CB-CPS-MT2-125,10346708,Active,434,360,https://www.nykaa.com/x/p/10346708?productId=10346708
CB-CPS-CT2-125,CB-CPS-CT2-125,10346706,Active,434,360,https://www.nykaa.com/x/p/10346706?productId=10346706
FT-FS-LU4-050,FT-FS-LU4-050,10346718,Active,401.2,45,https://www.nykaa.com/x/p/10346718?productId=10346718
CB-ML-PGFJ-02,CB-ML-PGFJ-02,10346729,Active,836,180,https://www.nykaa.com/x/p/10346729?productId=10346729
CB-SM-MNFR-02,CB-SM-MNFR-02,10346734,Active,814,270,https://www.nykaa.com/x/p/10346734?productId=10346734
FC-KL-FM2-040,FC-KL-FM2-040,10346722,Active,546,60,https://www.nykaa.com/x/p/10346722?productId=10346722
FC-KL-TK2-040,FC-KL-TK2-040,10346728,Active,500,60,https://www.nykaa.com/x/p/10346728?productId=10346728
BC-CP-JO-030,BC-CP-JO-030,10346737,Active,329.22,180,https://www.nykaa.com/x/p/10346737?productId=10346737
FC-KL-PBC2-040,FC-KL-PBC2-040,10346727,Active,522,60,https://www.nykaa.com/x/p/10346727?productId=10346727
FC-KL-NA2-040,FC-KL-NA2-040,10346725,Active,500,60,https://www.nykaa.com/x/p/10346725?productId=10346725
CB-SM-MNDC-02,CB-SM-MNDC-02,10346733,Active,838,270,https://www.nykaa.com/x/p/10346733?productId=10346733
EC-UE-PN-009,EC-UE-PN-009,6546371,Active,376.42,180,https://www.nykaa.com/x/p/6546371?productId=6546371
FC-HP-AHP-125,8908027159713,28946151,Active,354,360,https://www.nykaa.com/x/p/28946151?productId=28946151
FC-HP-BHP-100,8906215980101,28946196,Active,377,360,https://www.nykaa.com/x/p/28946196?productId=28946196
FC-HP-MP-100,8908027159737,28946197,Active,354,360,https://www.nykaa.com/x/p/28946197?productId=28946197
FC-HP-MM-200,8908027159799,28946198,Active,307,360,https://www.nykaa.com/x/p/28946198?productId=28946198
HR-SH-ON-250,8906215980026,28946148,Active,354,360,https://www.nykaa.com/x/p/28946148?productId=28946148
HR-CN-NG-150,8908027159560,28946149,Active,371,360,https://www.nykaa.com/x/p/28946149?productId=28946149
HR-CB-NBGT-02,8908027159959,28946150,Active,896,360,https://www.nykaa.com/x/p/28946150?productId=28946150
FC-HP-HHP-100,8908027159720,28946152,Active,472,360,https://www.nykaa.com/x/p/28946152?productId=28946152
LP-LB-BC2-010,LP-LB-BC2-010,13077002,Active,660.8,270,https://www.nykaa.com/x/p/13077002?productId=13077002
FC-FW-MDPA-100,FC-FW-MDPA-100,13077000,Active,317,270,https://www.nykaa.com/x/p/13077000?productId=13077000
LP-LB-PR2-010,LP-LB-PR2-010,13077003,Active,623.04,270,https://www.nykaa.com/x/p/13077003?productId=13077003
BC-BL-MNS-250,BC-BL-MNS-250MY,13329690,Active,443,270,https://www.nykaa.com/x/p/13329690?productId=13329690
BC-BL-CID-250,BC-BL-CID-250MY,13329693,Active,471,270,https://www.nykaa.com/x/p/13329693?productId=13329693
BC-BL-AS-250,BC-BL-AS-250MY,13329691,Active,402,270,https://www.nykaa.com/x/p/13329691?productId=13329691
FC-AC-OK-050,FC-AC-OK-050MY,13429650,Active,471,270,https://www.nykaa.com/x/p/13429650?productId=13429650
CB-PFU-3PCL-03,CB-PFU-3PCL-03,14134617,Active,342.2,45,https://www.nykaa.com/x/p/14134617?productId=14134617
CB-UB-SPAT-03,CB-UB-SPAT-03,14134621,Active,524,60,https://www.nykaa.com/x/p/14134621?productId=14134621
CB-PFU-TOLU-03,CB-PFU-TOLU-03,14134618,Active,336.3,45,https://www.nykaa.com/x/p/14134618?productId=14134618
CB-UB-SPA-03,CB-UB-SPA-03,14134620,Active,512,60,https://www.nykaa.com/x/p/14134620?productId=14134620
CB-CPS-OC2-125,CB-CPS-OC2-125,12119066,Active,434,360,https://www.nykaa.com/x/p/12119066?productId=12119066
CB-CPS-NC2-125,CB-CPS-NC2-125,12119068,Active,434,360,https://www.nykaa.com/x/p/12119068?productId=12119068
BA-SMA-BN-200,BA-SMA-BN-200,12424327,Active,784,180,https://www.nykaa.com/x/p/12424327?productId=12424327
BA-BP-SC-150,BA-BP-SC-150,10346696,Active,270,360,https://www.nykaa.com/x/p/10346696?productId=10346696
CB-KNC-WTLO-02,CB-KNC-WTLO-02,10346657,Active,588,180,https://www.nykaa.com/x/p/10346657?productId=10346657
BA-SMA-BN-100,BA-SMA-BN-100,10346698,Active,435,180,https://www.nykaa.com/x/p/10346698?productId=10346698
BC-BU-NC2-080,BC-BU-NC2-080,10346703,Active,482,60,https://www.nykaa.com/x/p/10346703?productId=10346703
BC-MA-TM-200,BC-MA-TM-200,7301217,Active,627.76,180,https://www.nykaa.com/x/p/7301217?productId=7301217
BA-WHO-BM-110,BA-WHO-BM-110,10346699,Active,435,180,https://www.nykaa.com/x/p/10346699?productId=10346699
CB-CPS-CS2-125,CB-CPS-CS2-125,10346705,Active,434,360,https://www.nykaa.com/x/p/10346705?productId=10346705
CB-CPS-NT2-125,CB-CPS-NT2-125,10346710,Active,434,360,https://www.nykaa.com/x/p/10346710?productId=10346710
HR-HE-RA3-250,HR-HE-RA3-250,10346640,Active,636,45,https://www.nykaa.com/x/p/10346640?productId=10346640
BC-CP-CA-200,BC-CP-CA-200,6546444,Active,376,180,https://www.nykaa.com/x/p/6546444?productId=6546444
FT-PFU-3P-040,FT-PFU-3P-040,7301235,Active,141.6,60,https://www.nykaa.com/x/p/7301235?productId=7301235
FT-FS-CR2-050,FT-FS-CR2-050,7307768,Active,200.6,45,https://www.nykaa.com/x/p/7307768?productId=7307768
FC-DU-SO2-040,FC-DU-SO2-040,6884336,Active,284,60,https://www.nykaa.com/x/p/6884336?productId=6884336
FC-KL-FM-040,FC-KL-FM-040-MY,7301221,Active,273,60,https://www.nykaa.com/x/p/7301221?productId=7301221
FT-FS-LU-050,8940000000000.0,17949966,Active,100.3,45,https://www.nykaa.com/x/p/17949966?productId=17949966
BC-CP-VC-200,BC-CP-VC-200,6546447,Active,589,180,https://www.nykaa.com/x/p/6546447?productId=6546447
FC-ML-WAR-030,FC-ML-WAR-030,7301201,Active,506,180,https://www.nykaa.com/x/p/7301201?productId=7301201
BC-HM-BVE2-030,BC-HM-BVE2-025,12119060,Active,470,270,https://www.nykaa.com/x/p/12119060?productId=12119060
BC-CPS-MR2-125,BC-CPS-MR2-125,6546429,Active,434,360,https://www.nykaa.com/x/p/6546429?productId=6546429
AC-KNC-DT-00,AC-KNC-DT-00,6546337,Active,235,360,https://www.nykaa.com/x/p/6546337?productId=6546337
HR-SH-HB-020,8940000000000.0,21593131,Active,30,360,https://www.nykaa.com/x/p/21593131?productId=21593131
HR-CN-AP-150,HR-CN-AP-150,16481536,Active,347,360,https://www.nykaa.com/x/p/16481536?productId=16481536
HR-CN-HB-150,HR-CN-HB-150,16481533,Active,359,360,https://www.nykaa.com/x/p/16481533?productId=16481533
FC-HG-PA-080,FC-HG-PA-080,15120003,Active,241,270,https://www.nykaa.com/x/p/15120003?productId=15120003
FC-EM-CN-025,FC-EM-CN-025,15120006,Active,112,60,https://www.nykaa.com/x/p/15120006?productId=15120006
FC-DU-DR-040,FC-DU-DR-040,15120004,Active,142,60,https://www.nykaa.com/x/p/15120004?productId=15120004
FC-EM-HS-025,FC-EM-HS-025,15120008,Active,112,60,https://www.nykaa.com/x/p/15120008?productId=15120008
CB-NM-NBUP-03,CB-NM-NBUP-03,14181916,Active,577,90,https://www.nykaa.com/x/p/14181916?productId=14181916
CB-LP-BRBC-02,CB-LP-BRBC-02,14189466,Active,633.66,180,https://www.nykaa.com/x/p/14189466?productId=14189466
CB-RA2-RHBO-02,CB-RA2-RHBO-02,14189680,Active,815,45,https://www.nykaa.com/x/p/14189680?productId=14189680
CB-KNC-WNBO-02,CB-KNC-WNBO-02,10346654,Active,588,180,https://www.nykaa.com/x/p/10346654?productId=10346654
HR-SH-HB-650,HR-SH-HB-650,24565947,Active,1012,360,https://www.nykaa.com/x/p/24565947?productId=24565947
CB-CPS-NS2-125,CB-CPS-NS2-125,10346709,Active,434,360,https://www.nykaa.com/x/p/10346709?productId=10346709
BC-UU-LD2-040,BC-UU-LD2-040,10346714,Active,271.4,60,https://www.nykaa.com/x/p/10346714?productId=10346714
FC-FW-KMPA-100,FC-FW-KMPA-100,19040245,Active,288,270,https://www.nykaa.com/x/p/19040245?productId=19040245
CB-KNC-DTLN-03,CB-KNC-DTLN-03,10346648,Active,494,90,https://www.nykaa.com/x/p/10346648?productId=10346648
BA-WMA-BS-100,BA-WMA-BS-100,10346700,Active,435,180,https://www.nykaa.com/x/p/10346700?productId=10346700
BC-SM-MNS-200,BC-SM-MNS-200,10360957,Active,643,270,https://www.nykaa.com/x/p/10360957?productId=10360957
BC-PO-OL-200,BC-PO-OL-200,10744911,Active,412,180,https://www.nykaa.com/x/p/10744911?productId=10744911
BC-PO-CO-200,BC-PO-CO-200,10744912,Active,235,180,https://www.nykaa.com/x/p/10744912?productId=10744912
CB-KNC-BPDT-03,CB-KNC-BPDT-03,13464168,Active,586,360,https://www.nykaa.com/x/p/13464168?productId=13464168
CB-KNC-DTP-02,CB-KNC-DTP-02,13464169,Active,387,360,https://www.nykaa.com/x/p/13464169?productId=13464169
BC-HM-BVE-030,BC-HM-BVE-025,17949967,Active,235,270,https://www.nykaa.com/x/p/17949967?productId=17949967
HR-SHO-NB-100,HR-SHO-NB-100,5288595,Active,353,180,https://www.nykaa.com/x/p/5288595?productId=5288595
HR-SHO-MR-100,20186058,5288594,Active,394,180,https://www.nykaa.com/x/p/5288594?productId=5288594
HR-NJ-MJ-200,HR-MJ-CH-200,6546327,Active,400,270,https://www.nykaa.com/x/p/6546327?productId=6546327
FC-KL-BM2-040,FC-KL-BM2-040,10346720,Active,522,60,https://www.nykaa.com/x/p/10346720?productId=10346720
